TimeId,GameId,Day,Month,Year,StartTime
1,2012R0101,24,3,2012,7:20 PM
2,2012R0102,29,3,2012,7:45 PM
3,2012R0103,30,3,2012,7:50 PM
4,2012R0104,31,3,2012,1:45 PM
5,2012R0105,31,3,2012,3:45 PM
6,2012R0106,31,3,2012,4:45 PM
7,2012R0107,31,3,2012,7:45 PM
8,2012R0108,1,4,2012,1:10 PM
9,2012R0109,1,4,2012,4:10 PM
10,2012R0201,5,4,2012,7:40 PM
11,2012R0202,7,4,2012,1:45 PM
12,2012R0203,7,4,2012,2:10 PM
13,2012R0204,7,4,2012,2:40 PM
14,2012R0205,7,4,2012,7:10 PM
15,2012R0206,7,4,2012,7:40 PM
16,2012R0207,8,4,2012,1:10 PM
17,2012R0208,8,4,2012,4:40 PM
18,2012R0209,9,4,2012,3:10 PM
19,2012R0301,13,4,2012,7:50 PM
20,2012R0302,14,4,2012,1:45 PM
21,2012R0303,14,4,2012,1:40 PM
22,2012R0304,14,4,2012,2:40 PM
23,2012R0305,14,4,2012,7:40 PM
24,2012R0306,14,4,2012,7:40 PM
25,2012R0307,15,4,2012,1:10 PM
26,2012R0308,15,4,2012,3:15 PM
27,2012R0309,15,4,2012,4:40 PM
28,2012R0401,20,4,2012,7:50 PM
29,2012R0402,21,4,2012,1:45 PM
30,2012R0403,21,4,2012,2:10 PM
31,2012R0404,21,4,2012,4:10 PM
32,2012R0405,21,4,2012,5:40 PM
33,2012R0406,21,4,2012,7:40 PM
34,2012R0407,22,4,2012,1:10 PM
35,2012R0408,22,4,2012,3:15 PM
36,2012R0409,22,4,2012,4:40 PM
37,2012R0501,25,4,2012,2:40 PM
38,2012R0502,27,4,2012,6:45 PM
39,2012R0503,28,4,2012,1:45 PM
40,2012R0504,28,4,2012,4:40 PM
41,2012R0505,28,4,2012,7:40 PM
42,2012R0506,28,4,2012,7:45 PM
43,2012R0507,29,4,2012,1:10 PM
44,2012R0508,29,4,2012,3:15 PM
45,2012R0509,29,4,2012,4:10 PM
46,2012R0601,4,5,2012,7:50 PM
47,2012R0602,5,5,2012,1:40 PM
48,2012R0603,5,5,2012,1:45 PM
49,2012R0604,5,5,2012,4:40 PM
50,2012R0605,5,5,2012,7:40 PM
51,2012R0606,5,5,2012,7:40 PM
52,2012R0607,6,5,2012,1:10 PM
53,2012R0608,6,5,2012,2:45 PM
54,2012R0609,6,5,2012,2:40 PM
55,2012R0701,11,5,2012,7:50 PM
56,2012R0702,12,5,2012,12:45 PM
57,2012R0703,12,5,2012,1:40 PM
58,2012R0704,12,5,2012,4:40 PM
59,2012R0705,12,5,2012,7:40 PM
60,2012R0706,12,5,2012,7:40 PM
61,2012R0707,13,5,2012,1:10 PM
62,2012R0708,13,5,2012,2:40 PM
63,2012R0709,14,5,2012,7:40 PM
64,2012R0801,18,5,2012,7:50 PM
65,2012R0802,19,5,2012,1:15 PM
66,2012R0803,19,5,2012,2:10 PM
67,2012R0804,19,5,2012,4:40 PM
68,2012R0805,19,5,2012,7:10 PM
69,2012R0806,19,5,2012,7:50 PM
70,2012R0807,20,5,2012,1:10 PM
71,2012R0808,20,5,2012,3:15 PM
72,2012R0809,20,5,2012,2:40 PM
73,2012R0901,25,5,2012,7:50 PM
74,2012R0902,26,5,2012,1:45 PM
75,2012R0903,26,5,2012,2:10 PM
76,2012R0904,26,5,2012,4:40 PM
77,2012R0905,26,5,2012,7:10 PM
78,2012R0906,26,5,2012,7:40 PM
79,2012R0907,27,5,2012,1:10 PM
80,2012R0908,27,5,2012,3:15 PM
81,2012R0909,27,5,2012,2:40 PM
82,2012R1001,1,6,2012,7:50 PM
83,2012R1002,2,6,2012,1:45 PM
84,2012R1003,2,6,2012,2:10 PM
85,2012R1004,2,6,2012,2:40 PM
86,2012R1005,2,6,2012,7:10 PM
87,2012R1006,2,6,2012,7:40 PM
88,2012R1007,3,6,2012,1:10 PM
89,2012R1008,3,6,2012,3:15 PM
90,2012R1009,3,6,2012,4:40 PM
91,2012R1101,8,6,2012,7:50 PM
92,2012R1102,9,6,2012,1:40 PM
93,2012R1103,9,6,2012,4:40 PM
94,2012R1104,9,6,2012,7:40 PM
95,2012R1105,10,6,2012,4:10 PM
96,2012R1106,11,6,2012,3:15 PM
97,2012R1201,14,6,2012,5:40 PM
98,2012R1202,15,6,2012,8:10 PM
99,2012R1203,16,6,2012,2:10 PM
100,2012R1204,16,6,2012,7:40 PM
101,2012R1205,17,6,2012,1:10 PM
102,2012R1206,17,6,2012,4:40 PM
103,2012R1301,22,6,2012,7:50 PM
104,2012R1302,23,6,2012,1:40 PM
105,2012R1303,23,6,2012,4:40 PM
106,2012R1304,23,6,2012,5:40 PM
107,2012R1305,24,6,2012,3:15 PM
108,2012R1306,24,6,2012,4:40 PM
109,2012R1401,29,6,2012,7:50 PM
110,2012R1402,30,6,2012,1:45 PM
111,2012R1403,30,6,2012,1:40 PM
112,2012R1404,30,6,2012,2:40 PM
113,2012R1405,30,6,2012,7:40 PM
114,2012R1406,30,6,2012,7:40 PM
115,2012R1407,1,7,2012,1:10 PM
116,2012R1408,1,7,2012,3:15 PM
117,2012R1409,1,7,2012,4:40 PM
118,2012R1501,6,7,2012,7:50 PM
119,2012R1502,7,7,2012,1:45 PM
120,2012R1503,7,7,2012,2:10 PM
121,2012R1504,7,7,2012,4:40 PM
122,2012R1505,7,7,2012,7:10 PM
123,2012R1506,7,7,2012,7:40 PM
124,2012R1507,8,7,2012,1:10 PM
125,2012R1508,8,7,2012,3:15 PM
126,2012R1509,8,7,2012,2:40 PM
127,2012R1601,13,7,2012,7:50 PM
128,2012R1602,14,7,2012,1:45 PM
129,2012R1603,14,7,2012,1:40 PM
130,2012R1604,14,7,2012,4:40 PM
131,2012R1605,14,7,2012,7:40 PM
132,2012R1606,14,7,2012,7:40 PM
133,2012R1607,15,7,2012,1:10 PM
134,2012R1608,15,7,2012,3:15 PM
135,2012R1609,15,7,2012,2:40 PM
136,2012R1701,20,7,2012,7:50 PM
137,2012R1702,21,7,2012,1:45 PM
138,2012R1703,21,7,2012,1:40 PM
139,2012R1704,21,7,2012,4:40 PM
140,2012R1705,21,7,2012,7:10 PM
141,2012R1706,21,7,2012,7:40 PM
142,2012R1707,22,7,2012,1:10 PM
143,2012R1708,22,7,2012,3:15 PM
144,2012R1709,22,7,2012,2:40 PM
145,2012R1801,27,7,2012,7:50 PM
146,2012R1802,28,7,2012,1:45 PM
147,2012R1803,28,7,2012,2:10 PM
148,2012R1804,28,7,2012,4:40 PM
149,2012R1805,28,7,2012,7:40 PM
150,2012R1806,28,7,2012,7:40 PM
151,2012R1807,29,7,2012,12:40 PM
152,2012R1808,29,7,2012,3:15 PM
153,2012R1809,29,7,2012,2:40 PM
154,2012R1901,3,8,2012,7:50 PM
155,2012R1902,4,8,2012,1:45 PM
156,2012R1903,4,8,2012,2:10 PM
157,2012R1904,4,8,2012,2:40 PM
158,2012R1905,4,8,2012,7:40 PM
159,2012R1906,4,8,2012,7:40 PM
160,2012R1907,5,8,2012,1:10 PM
161,2012R1908,5,8,2012,3:15 PM
162,2012R1909,5,8,2012,4:10 PM
163,2012R2001,10,8,2012,6:40 PM
164,2012R2002,11,8,2012,1:45 PM
165,2012R2003,11,8,2012,1:40 PM
166,2012R2004,11,8,2012,4:40 PM
167,2012R2005,11,8,2012,7:40 PM
168,2012R2006,11,8,2012,7:40 PM
169,2012R2007,12,8,2012,1:10 PM
170,2012R2008,12,8,2012,3:15 PM
171,2012R2009,12,8,2012,4:40 PM
172,2012R2101,17,8,2012,7:50 PM
173,2012R2102,18,8,2012,1:45 PM
174,2012R2103,18,8,2012,2:10 PM
175,2012R2104,18,8,2012,2:40 PM
176,2012R2105,18,8,2012,7:40 PM
177,2012R2106,18,8,2012,7:40 PM
178,2012R2107,19,8,2012,12:40 PM
179,2012R2108,19,8,2012,3:15 PM
180,2012R2109,19,8,2012,4:40 PM
181,2012R2201,24,8,2012,7:50 PM
182,2012R2202,25,8,2012,1:45 PM
183,2012R2203,25,8,2012,1:40 PM
184,2012R2204,25,8,2012,4:40 PM
185,2012R2205,25,8,2012,5:40 PM
186,2012R2206,25,8,2012,7:40 PM
187,2012R2207,26,8,2012,1:10 PM
188,2012R2208,26,8,2012,3:15 PM
189,2012R2209,26,8,2012,4:40 PM
190,2012R2301,31,8,2012,7:50 PM
191,2012R2302,1,9,2012,1:45 PM
192,2012R2303,1,9,2012,1:40 PM
193,2012R2304,1,9,2012,4:40 PM
194,2012R2305,1,9,2012,5:40 PM
195,2012R2306,1,9,2012,7:40 PM
196,2012R2307,2,9,2012,1:10 PM
197,2012R2308,2,9,2012,3:15 PM
198,2012R2309,2,9,2012,4:40 PM
199,2012QF01,7,9,2012,7:50 PM
200,2012EF01,8,9,2012,7:45 PM
201,2012QF02,8,9,2012,2:45 PM
202,2012EF02,9,9,2012,1:15 PM
203,2012SF01,14,9,2012,8:15 PM
204,2012SF02,15,9,2012,7:45 PM
205,2012PF01,21,9,2012,7:50 PM
206,2012PF02,22,9,2012,5:15 PM
207,2012GF01,29,9,2012,2:30 PM
208,2013R0101,22,3,2013,8:10 PM
209,2013R0102,23,3,2013,4:40 PM
210,2013R0103,28,3,2013,7:45 PM
211,2013R0104,30,3,2013,1:40 PM
212,2013R0105,30,3,2013,4:40 PM
213,2013R0106,30,3,2013,6:45 PM
214,2013R0107,31,3,2013,1:10 PM
215,2013R0108,31,3,2013,4:40 PM
216,2013R0109,1,4,2013,3:20 PM
217,2013R0201,5,4,2013,7:50 PM
218,2013R0202,6,4,2013,1:45 PM
219,2013R0203,6,4,2013,2:10 PM
220,2013R0204,6,4,2013,3:40 PM
221,2013R0205,6,4,2013,7:10 PM
222,2013R0206,6,4,2013,7:40 PM
223,2013R0207,7,4,2013,1:10 PM
224,2013R0208,7,4,2013,3:20 PM
225,2013R0209,7,4,2013,2:40 PM
226,2013R0301,12,4,2013,6:40 PM
227,2013R0302,13,4,2013,1:45 PM
228,2013R0303,13,4,2013,2:10 PM
229,2013R0304,13,4,2013,4:40 PM
230,2013R0305,13,4,2013,7:40 PM
231,2013R0306,13,4,2013,7:40 PM
232,2013R0307,14,4,2013,1:10 PM
233,2013R0308,14,4,2013,3:20 PM
234,2013R0309,14,4,2013,4:10 PM
235,2013R0401,19,4,2013,7:50 PM
236,2013R0402,20,4,2013,1:45 PM
237,2013R0403,20,4,2013,2:10 PM
238,2013R0404,20,4,2013,4:40 PM
239,2013R0405,20,4,2013,5:40 PM
240,2013R0406,20,4,2013,7:40 PM
241,2013R0407,21,4,2013,1:10 PM
242,2013R0408,21,4,2013,2:50 PM
243,2013R0409,21,4,2013,4:40 PM
244,2013R0501,25,4,2013,2:40 PM
245,2013R0502,25,4,2013,7:50 PM
246,2013R0503,26,4,2013,6:45 PM
247,2013R0504,27,4,2013,1:45 PM
248,2013R0505,27,4,2013,4:40 PM
249,2013R0506,27,4,2013,7:40 PM
250,2013R0507,27,4,2013,7:15 PM
251,2013R0508,28,4,2013,3:20 PM
252,2013R0509,28,4,2013,4:40 PM
253,2013R0601,3,5,2013,7:50 PM
254,2013R0602,4,5,2013,1:45 PM
255,2013R0603,4,5,2013,2:10 PM
256,2013R0604,4,5,2013,4:10 PM
257,2013R0605,4,5,2013,7:40 PM
258,2013R0606,4,5,2013,7:40 PM
259,2013R0607,5,5,2013,1:10 PM
260,2013R0608,5,5,2013,3:20 PM
261,2013R0609,5,5,2013,2:40 PM
262,2013R0701,10,5,2013,7:50 PM
263,2013R0702,11,5,2013,1:15 PM
264,2013R0703,11,5,2013,2:10 PM
265,2013R0704,11,5,2013,4:40 PM
266,2013R0705,11,5,2013,5:40 PM
267,2013R0706,11,5,2013,7:40 PM
268,2013R0707,12,5,2013,1:10 PM
269,2013R0708,12,5,2013,4:40 PM
270,2013R0709,13,5,2013,7:40 PM
271,2013R0801,17,5,2013,6:40 PM
272,2013R0802,18,5,2013,1:45 PM
273,2013R0803,18,5,2013,2:10 PM
274,2013R0804,18,5,2013,4:40 PM
275,2013R0805,18,5,2013,7:40 PM
276,2013R0806,18,5,2013,7:40 PM
277,2013R0807,19,5,2013,1:10 PM
278,2013R0808,19,5,2013,3:20 PM
279,2013R0809,19,5,2013,4:10 PM
280,2013R0901,24,5,2013,7:50 PM
281,2013R0902,25,5,2013,1:15 PM
282,2013R0903,25,5,2013,2:10 PM
283,2013R0904,25,5,2013,4:40 PM
284,2013R0905,25,5,2013,7:40 PM
285,2013R0906,25,5,2013,7:45 PM
286,2013R0907,26,5,2013,1:10 PM
287,2013R0908,26,5,2013,3:20 PM
288,2013R0909,26,5,2013,2:40 PM
289,2013R1001,31,5,2013,7:50 PM
290,2013R1002,1,6,2013,1:45 PM
291,2013R1003,1,6,2013,1:40 PM
292,2013R1004,1,6,2013,4:40 PM
293,2013R1005,1,6,2013,7:10 PM
294,2013R1006,1,6,2013,7:40 PM
295,2013R1007,2,6,2013,3:20 PM
296,2013R1008,2,6,2013,4:40 PM
297,2013R1009,3,6,2013,5:40 PM
298,2013R1101,7,6,2013,7:50 PM
299,2013R1102,8,6,2013,1:40 PM
300,2013R1103,8,6,2013,4:10 PM
301,2013R1104,8,6,2013,7:40 PM
302,2013R1105,9,6,2013,4:40 PM
303,2013R1106,10,6,2013,3:20 PM
304,2013R1201,14,6,2013,7:50 PM
305,2013R1202,15,6,2013,1:40 PM
306,2013R1203,15,6,2013,2:40 PM
307,2013R1204,15,6,2013,7:40 PM
308,2013R1205,16,6,2013,1:10 PM
309,2013R1206,16,6,2013,4:40 PM
310,2013R1301,21,6,2013,7:50 PM
311,2013R1302,22,6,2013,1:10 PM
312,2013R1303,22,6,2013,4:40 PM
313,2013R1304,22,6,2013,7:40 PM
314,2013R1305,23,6,2013,1:20 PM
315,2013R1306,23,6,2013,4:40 PM
316,2013R1401,27,6,2013,6:10 PM
317,2013R1402,28,6,2013,7:50 PM
318,2013R1403,29,6,2013,1:40 PM
319,2013R1404,29,6,2013,4:10 PM
320,2013R1405,29,6,2013,7:40 PM
321,2013R1406,29,6,2013,7:40 PM
322,2013R1407,30,6,2013,1:10 PM
323,2013R1408,30,6,2013,3:20 PM
324,2013R1409,30,6,2013,4:40 PM
325,2013R1501,5,7,2013,7:50 PM
326,2013R1502,6,7,2013,1:45 PM
327,2013R1503,6,7,2013,2:10 PM
328,2013R1504,6,7,2013,4:40 PM
329,2013R1505,6,7,2013,7:10 PM
330,2013R1506,6,7,2013,7:40 PM
331,2013R1507,7,7,2013,1:10 PM
332,2013R1508,7,7,2013,1:20 PM
333,2013R1509,7,7,2013,4:40 PM
334,2013R1601,12,7,2013,7:50 PM
335,2013R1602,13,7,2013,1:15 PM
336,2013R1603,13,7,2013,2:10 PM
337,2013R1604,13,7,2013,4:40 PM
338,2013R1605,13,7,2013,7:40 PM
339,2013R1606,13,7,2013,7:40 PM
340,2013R1607,14,7,2013,1:10 PM
341,2013R1608,14,7,2013,3:20 PM
342,2013R1609,14,7,2013,2:40 PM
343,2013R1701,19,7,2013,7:50 PM
344,2013R1702,20,7,2013,1:45 PM
345,2013R1703,20,7,2013,2:10 PM
346,2013R1704,20,7,2013,4:40 PM
347,2013R1705,20,7,2013,7:10 PM
348,2013R1706,20,7,2013,7:40 PM
349,2013R1707,21,7,2013,1:10 PM
350,2013R1708,21,7,2013,2:50 PM
351,2013R1709,21,7,2013,2:40 PM
352,2013R1801,26,7,2013,7:50 PM
353,2013R1802,27,7,2013,1:45 PM
354,2013R1803,27,7,2013,2:10 PM
355,2013R1804,27,7,2013,4:40 PM
356,2013R1805,27,7,2013,5:40 PM
357,2013R1806,27,7,2013,7:40 PM
358,2013R1807,28,7,2013,12:40 PM
359,2013R1808,28,7,2013,3:20 PM
360,2013R1809,28,7,2013,4:40 PM
361,2013R1901,2,8,2013,7:50 PM
362,2013R1902,3,8,2013,1:45 PM
363,2013R1903,3,8,2013,2:10 PM
364,2013R1904,3,8,2013,2:40 PM
365,2013R1905,3,8,2013,7:40 PM
366,2013R1906,3,8,2013,7:40 PM
367,2013R1907,4,8,2013,1:10 PM
368,2013R1908,4,8,2013,2:50 PM
369,2013R1909,4,8,2013,4:40 PM
370,2013R2001,9,8,2013,7:50 PM
371,2013R2002,10,8,2013,1:45 PM
372,2013R2003,10,8,2013,2:10 PM
373,2013R2004,10,8,2013,4:40 PM
374,2013R2005,10,8,2013,7:40 PM
375,2013R2006,10,8,2013,7:40 PM
376,2013R2007,11,8,2013,1:10 PM
377,2013R2008,11,8,2013,2:50 PM
378,2013R2009,11,8,2013,2:40 PM
379,2013R2101,16,8,2013,7:50 PM
380,2013R2102,17,8,2013,1:45 PM
381,2013R2103,17,8,2013,1:40 PM
382,2013R2104,17,8,2013,4:40 PM
383,2013R2105,17,8,2013,5:40 PM
384,2013R2106,17,8,2013,7:40 PM
385,2013R2107,18,8,2013,1:10 PM
386,2013R2108,18,8,2013,3:20 PM
387,2013R2109,18,8,2013,4:40 PM
388,2013R2201,23,8,2013,7:50 PM
389,2013R2202,24,8,2013,1:15 PM
390,2013R2203,24,8,2013,2:10 PM
391,2013R2204,24,8,2013,4:40 PM
392,2013R2205,24,8,2013,5:40 PM
393,2013R2206,24,8,2013,7:40 PM
394,2013R2207,25,8,2013,1:10 PM
395,2013R2208,25,8,2013,3:20 PM
396,2013R2209,25,8,2013,4:40 PM
397,2013R2301,30,8,2013,7:50 PM
398,2013R2302,31,8,2013,1:45 PM
399,2013R2303,31,8,2013,2:10 PM
400,2013R2304,31,8,2013,4:10 PM
401,2013R2305,31,8,2013,7:40 PM
402,2013R2306,31,8,2013,6:10 PM
403,2013R2307,1,9,2013,1:10 PM
404,2013R2308,1,9,2013,3:20 PM
405,2013R2309,1,9,2013,4:40 PM
406,2013QF01,6,9,2013,7:50 PM
407,2013EF01,7,9,2013,7:45 PM
408,2013QF02,7,9,2013,2:20 PM
409,2013EF02,8,9,2013,3:20 PM
410,2013SF01,13,9,2013,7:50 PM
411,2013SF02,14,9,2013,7:45 PM
412,2013PF01,20,9,2013,7:50 PM
413,2013PF02,21,9,2013,5:45 PM
414,2013GF01,28,9,2013,2:30 PM
415,2014R0101,14,3,2014,7:50 PM
416,2014R0102,15,3,2014,4:40 PM
417,2014R0103,15,3,2014,6:55 PM
418,2014R0104,16,3,2014,7:40 PM
419,2014R0105,20,3,2014,7:10 PM
420,2014R0106,21,3,2014,7:50 PM
421,2014R0107,22,3,2014,4:40 PM
422,2014R0108,22,3,2014,7:40 PM
423,2014R0109,23,3,2014,4:40 PM
424,2014R0201,27,3,2014,7:45 PM
425,2014R0202,28,3,2014,7:50 PM
426,2014R0203,29,3,2014,1:40 PM
427,2014R0204,29,3,2014,4:15 PM
428,2014R0205,29,3,2014,4:40 PM
429,2014R0206,29,3,2014,7:40 PM
430,2014R0207,30,3,2014,12:10 PM
431,2014R0208,30,3,2014,3:20 PM
432,2014R0209,30,3,2014,4:40 PM
433,2014R0301,4,4,2014,7:50 PM
434,2014R0302,5,4,2014,1:45 PM
435,2014R0303,5,4,2014,1:40 PM
436,2014R0304,5,4,2014,3:40 PM
437,2014R0305,5,4,2014,4:40 PM
438,2014R0306,5,4,2014,7:40 PM
439,2014R0307,6,4,2014,1:10 PM
440,2014R0308,6,4,2014,4:10 PM
441,2014R0309,6,4,2014,7:10 PM
442,2014R0401,11,4,2014,7:50 PM
443,2014R0402,12,4,2014,1:45 PM
444,2014R0403,12,4,2014,1:40 PM
445,2014R0404,12,4,2014,4:40 PM
446,2014R0405,12,4,2014,7:40 PM
447,2014R0406,12,4,2014,7:40 PM
448,2014R0407,13,4,2014,1:10 PM
449,2014R0408,13,4,2014,3:20 PM
450,2014R0409,13,4,2014,2:40 PM
451,2014R0501,17,4,2014,7:50 PM
452,2014R0502,19,4,2014,1:40 PM
453,2014R0503,19,4,2014,4:40 PM
454,2014R0504,19,4,2014,5:40 PM
455,2014R0505,19,4,2014,7:40 PM
456,2014R0506,20,4,2014,12:40 PM
457,2014R0507,20,4,2014,3:20 PM
458,2014R0508,20,4,2014,4:40 PM
459,2014R0509,21,4,2014,3:20 PM
460,2014R0601,25,4,2014,2:40 PM
461,2014R0602,25,4,2014,7:45 PM
462,2014R0603,25,4,2014,6:45 PM
463,2014R0604,26,4,2014,1:40 PM
464,2014R0605,26,4,2014,4:40 PM
465,2014R0606,26,4,2014,7:40 PM
466,2014R0607,27,4,2014,1:10 PM
467,2014R0608,27,4,2014,3:20 PM
468,2014R0609,27,4,2014,4:10 PM
469,2014R0701,2,5,2014,7:50 PM
470,2014R0702,3,5,2014,1:45 PM
471,2014R0703,3,5,2014,2:10 PM
472,2014R0704,3,5,2014,4:10 PM
473,2014R0705,3,5,2014,7:40 PM
474,2014R0706,3,5,2014,7:40 PM
475,2014R0707,4,5,2014,1:10 PM
476,2014R0708,4,5,2014,3:20 PM
477,2014R0709,4,5,2014,2:40 PM
478,2014R0801,9,5,2014,7:50 PM
479,2014R0802,10,5,2014,1:10 PM
480,2014R0803,10,5,2014,4:40 PM
481,2014R0804,10,5,2014,7:40 PM
482,2014R0805,11,5,2014,2:40 PM
483,2014R0806,12,5,2014,7:20 PM
484,2014R0901,15,5,2014,7:20 PM
485,2014R0902,16,5,2014,7:50 PM
486,2014R0903,17,5,2014,1:40 PM
487,2014R0904,17,5,2014,4:40 PM
488,2014R0905,17,5,2014,5:40 PM
489,2014R0906,18,5,2014,4:40 PM
490,2014R1001,23,5,2014,7:50 PM
491,2014R1002,24,5,2014,1:40 PM
492,2014R1003,24,5,2014,4:40 PM
493,2014R1004,24,5,2014,7:10 PM
494,2014R1005,25,5,2014,3:20 PM
495,2014R1006,25,5,2014,4:40 PM
496,2014R1101,29,5,2014,7:10 PM
497,2014R1102,30,5,2014,7:50 PM
498,2014R1103,31,5,2014,1:10 PM
499,2014R1104,31,5,2014,4:40 PM
500,2014R1105,31,5,2014,7:45 PM
501,2014R1106,1,6,2014,12:40 PM
502,2014R1107,1,6,2014,3:20 PM
503,2014R1108,1,6,2014,4:40 PM
504,2014R1109,1,6,2014,5:40 PM
505,2014R1201,6,6,2014,7:50 PM
506,2014R1202,7,6,2014,1:40 PM
507,2014R1203,7,6,2014,4:10 PM
508,2014R1204,7,6,2014,7:40 PM
509,2014R1205,7,6,2014,7:40 PM
510,2014R1206,8,6,2014,3:20 PM
511,2014R1207,8,6,2014,2:10 PM
512,2014R1208,8,6,2014,7:10 PM
513,2014R1209,9,6,2014,3:20 PM
514,2014R1301,13,6,2014,7:50 PM
515,2014R1302,14,6,2014,1:45 PM
516,2014R1303,14,6,2014,2:10 PM
517,2014R1304,14,6,2014,2:40 PM
518,2014R1305,14,6,2014,7:10 PM
519,2014R1306,14,6,2014,7:40 PM
520,2014R1307,15,6,2014,1:10 PM
521,2014R1308,15,6,2014,3:20 PM
522,2014R1309,15,6,2014,4:40 PM
523,2014R1401,20,6,2014,7:50 PM
524,2014R1402,21,6,2014,1:15 PM
525,2014R1403,21,6,2014,2:10 PM
526,2014R1404,21,6,2014,4:40 PM
527,2014R1405,21,6,2014,5:40 PM
528,2014R1406,21,6,2014,7:40 PM
529,2014R1407,22,6,2014,1:10 PM
530,2014R1408,22,6,2014,3:20 PM
531,2014R1409,22,6,2014,4:40 PM
532,2014R1501,27,6,2014,7:50 PM
533,2014R1502,28,6,2014,1:45 PM
534,2014R1503,28,6,2014,2:10 PM
535,2014R1504,28,6,2014,2:40 PM
536,2014R1505,28,6,2014,7:40 PM
537,2014R1506,28,6,2014,7:40 PM
538,2014R1507,29,6,2014,1:10 PM
539,2014R1508,29,6,2014,3:40 PM
540,2014R1509,29,6,2014,7:10 PM
541,2014R1601,4,7,2014,7:50 PM
542,2014R1602,5,7,2014,1:45 PM
543,2014R1603,5,7,2014,2:10 PM
544,2014R1604,5,7,2014,4:40 PM
545,2014R1605,5,7,2014,7:10 PM
546,2014R1606,5,7,2014,7:10 PM
547,2014R1607,6,7,2014,1:10 PM
548,2014R1608,6,7,2014,1:20 PM
549,2014R1609,6,7,2014,4:40 PM
550,2014R1701,11,7,2014,7:20 PM
551,2014R1702,12,7,2014,1:45 PM
552,2014R1703,12,7,2014,2:10 PM
553,2014R1704,12,7,2014,4:40 PM
554,2014R1705,12,7,2014,7:40 PM
555,2014R1706,12,7,2014,7:40 PM
556,2014R1707,13,7,2014,1:10 PM
557,2014R1708,13,7,2014,3:20 PM
558,2014R1709,13,7,2014,2:40 PM
559,2014R1801,18,7,2014,7:50 PM
560,2014R1802,19,7,2014,4:40 PM
561,2014R1803,19,7,2014,7:40 PM
562,2014R1804,20,7,2014,12:40 PM
563,2014R1805,20,7,2014,4:40 PM
564,2014R1806,25,7,2014,6:40 PM
565,2014R1807,26,7,2014,4:40 PM
566,2014R1808,26,7,2014,7:40 PM
567,2014R1809,27,7,2014,4:40 PM
568,2014R1901,31,7,2014,6:10 PM
569,2014R1902,1,8,2014,7:50 PM
570,2014R1903,2,8,2014,1:10 PM
571,2014R1904,2,8,2014,4:40 PM
572,2014R1905,2,8,2014,7:40 PM
573,2014R1906,2,8,2014,7:40 PM
574,2014R1907,3,8,2014,1:10 PM
575,2014R1908,3,8,2014,3:20 PM
576,2014R1909,3,8,2014,4:40 PM
577,2014R2001,8,8,2014,7:50 PM
578,2014R2002,9,8,2014,1:45 PM
579,2014R2003,9,8,2014,2:10 PM
580,2014R2004,9,8,2014,4:40 PM
581,2014R2005,9,8,2014,7:10 PM
582,2014R2006,9,8,2014,7:40 PM
583,2014R2007,10,8,2014,1:10 PM
584,2014R2008,10,8,2014,3:20 PM
585,2014R2009,10,8,2014,2:40 PM
586,2014R2101,15,8,2014,7:50 PM
587,2014R2102,16,8,2014,1:45 PM
588,2014R2103,16,8,2014,2:10 PM
589,2014R2104,16,8,2014,4:40 PM
590,2014R2105,16,8,2014,7:10 PM
591,2014R2106,16,8,2014,7:40 PM
592,2014R2107,17,8,2014,1:10 PM
593,2014R2108,17,8,2014,3:20 PM
594,2014R2109,17,8,2014,2:40 PM
595,2014R2201,22,8,2014,7:20 PM
596,2014R2202,23,8,2014,1:45 PM
597,2014R2203,23,8,2014,2:10 PM
598,2014R2204,23,8,2014,4:40 PM
599,2014R2205,23,8,2014,5:40 PM
600,2014R2206,23,8,2014,7:40 PM
601,2014R2207,24,8,2014,1:10 PM
602,2014R2208,24,8,2014,3:20 PM
603,2014R2209,24,8,2014,4:40 PM
604,2014R2301,29,8,2014,7:50 PM
605,2014R2302,30,8,2014,1:45 PM
606,2014R2303,30,8,2014,1:10 PM
607,2014R2304,30,8,2014,4:40 PM
608,2014R2305,30,8,2014,7:40 PM
609,2014R2306,30,8,2014,7:40 PM
610,2014R2307,31,8,2014,1:10 PM
611,2014R2308,31,8,2014,2:50 PM
612,2014R2309,31,8,2014,4:40 PM
613,2014QF01,5,9,2014,7:50 PM
614,2014EF01,6,9,2014,7:15 PM
615,2014QF02,6,9,2014,2:45 PM
616,2014EF02,7,9,2014,2:50 PM
617,2014SF01,12,9,2014,7:50 PM
618,2014SF02,13,9,2014,5:45 PM
619,2014PF01,19,9,2014,7:50 PM
620,2014PF02,20,9,2014,4:45 PM
621,2014GF01,27,9,2014,2:30 PM
622,2015R0101,2,4,2015,7:20 PM
623,2015R0102,4,4,2015,1:40 PM
624,2015R0103,4,4,2015,4:35 PM
625,2015R0104,4,4,2015,6:20 PM
626,2015R0105,4,4,2015,7:20 PM
627,2015R0106,5,4,2015,1:10 PM
628,2015R0107,5,4,2015,2:50 PM
629,2015R0108,5,4,2015,4:40 PM
630,2015R0109,6,4,2015,3:20 PM
631,2015R0201,10,4,2015,6:10 PM
632,2015R0202,11,4,2015,1:45 PM
633,2015R0203,11,4,2015,2:10 PM
634,2015R0204,11,4,2015,4:35 PM
635,2015R0205,11,4,2015,7:20 PM
636,2015R0206,11,4,2015,7:10 PM
637,2015R0207,12,4,2015,1:10 PM
638,2015R0208,12,4,2015,3:20 PM
639,2015R0209,12,4,2015,4:40 PM
640,2015R0301,17,4,2015,7:50 PM
641,2015R0302,18,4,2015,1:45 PM
642,2015R0303,18,4,2015,1:40 PM
643,2015R0304,18,4,2015,4:35 PM
644,2015R0305,18,4,2015,7:20 PM
645,2015R0306,18,4,2015,7:20 PM
646,2015R0307,19,4,2015,1:10 PM
647,2015R0308,19,4,2015,3:20 PM
648,2015R0309,19,4,2015,2:40 PM
649,2015R0401,24,4,2015,7:50 PM
650,2015R0402,25,4,2015,1:10 PM
651,2015R0403,25,4,2015,2:40 PM
652,2015R0404,25,4,2015,5:40 PM
653,2015R0405,25,4,2015,7:10 PM
654,2015R0406,25,4,2015,6:45 PM
655,2015R0407,26,4,2015,1:10 PM
656,2015R0408,26,4,2015,3:20 PM
657,2015R0409,26,4,2015,4:40 PM
658,2015R0501,1,5,2015,7:50 PM
659,2015R0502,2,5,2015,1:45 PM
660,2015R0503,2,5,2015,2:10 PM
661,2015R0504,2,5,2015,4:35 PM
662,2015R0505,2,5,2015,7:20 PM
663,2015R0506,2,5,2015,5:40 PM
664,2015R0507,3,5,2015,1:10 PM
665,2015R0508,3,5,2015,3:20 PM
666,2015R0509,3,5,2015,4:10 PM
667,2015R0601,8,5,2015,7:50 PM
668,2015R0602,9,5,2015,1:45 PM
669,2015R0603,9,5,2015,2:10 PM
670,2015R0604,9,5,2015,4:35 PM
671,2015R0605,9,5,2015,5:10 PM
672,2015R0606,9,5,2015,7:20 PM
673,2015R0607,9,5,2015,6:10 PM
674,2015R0608,10,5,2015,3:20 PM
675,2015R0609,10,5,2015,4:10 PM
676,2015R0701,15,5,2015,7:50 PM
677,2015R0702,16,5,2015,1:15 PM
678,2015R0703,16,5,2015,2:10 PM
679,2015R0704,16,5,2015,4:35 PM
680,2015R0705,16,5,2015,7:20 PM
681,2015R0706,16,5,2015,5:40 PM
682,2015R0707,17,5,2015,1:10 PM
683,2015R0708,17,5,2015,3:20 PM
684,2015R0709,17,5,2015,4:40 PM
685,2015R0801,22,5,2015,7:50 PM
686,2015R0802,23,5,2015,1:45 PM
687,2015R0803,23,5,2015,2:10 PM
688,2015R0804,23,5,2015,4:35 PM
689,2015R0805,23,5,2015,7:20 PM
690,2015R0806,23,5,2015,5:40 PM
691,2015R0807,24,5,2015,1:10 PM
692,2015R0808,24,5,2015,3:20 PM
693,2015R0809,24,5,2015,4:10 PM
694,2015R0901,29,5,2015,7:50 PM
695,2015R0902,30,5,2015,1:45 PM
696,2015R0903,30,5,2015,1:40 PM
697,2015R0904,30,5,2015,4:35 PM
698,2015R0905,30,5,2015,7:20 PM
699,2015R0906,30,5,2015,7:10 PM
700,2015R0907,31,5,2015,1:10 PM
701,2015R0908,31,5,2015,3:20 PM
702,2015R0909,31,5,2015,2:40 PM
703,2015R1001,5,6,2015,6:10 PM
704,2015R1002,6,6,2015,1:40 PM
705,2015R1003,6,6,2015,4:35 PM
706,2015R1004,6,6,2015,7:20 PM
707,2015R1005,6,6,2015,7:10 PM
708,2015R1006,7,6,2015,1:10 PM
709,2015R1007,7,6,2015,3:20 PM
710,2015R1008,7,6,2015,4:40 PM
711,2015R1009,8,6,2015,3:20 PM
712,2015R1101,12,6,2015,7:20 PM
713,2015R1102,13,6,2015,1:40 PM
714,2015R1103,13,6,2015,2:35 PM
715,2015R1104,13,6,2015,7:20 PM
716,2015R1105,14,6,2015,1:10 PM
717,2015R1106,14,6,2015,4:40 PM
718,2015R1201,18,6,2015,7:20 PM
719,2015R1202,19,6,2015,7:50 PM
720,2015R1203,20,6,2015,1:40 PM
721,2015R1204,20,6,2015,4:35 PM
722,2015R1205,20,6,2015,7:20 PM
723,2015R1206,21,6,2015,3:20 PM
724,2015R1301,25,6,2015,6:10 PM
725,2015R1302,26,6,2015,7:50 PM
726,2015R1303,27,6,2015,1:40 PM
727,2015R1304,27,6,2015,4:35 PM
728,2015R1305,27,6,2015,7:20 PM
729,2015R1306,28,6,2015,3:20 PM
730,2015R1401,2,7,2015,7:20 PM
731,2015R1402,3,7,2015,7:50 PM
732,2015R1403,4,7,2015,1:40 PM
733,2015R1404,4,7,2015,4:40 PM
734,2015R1405,4,7,2015,7:30 PM
735,2015R1406,4,7,2015,7:10 PM
736,2015R1407,5,7,2015,1:10 PM
737,2015R1408,5,7,2015,2:40 PM
738,2015R1501,9,7,2015,7:20 PM
739,2015R1502,10,7,2015,7:50 PM
740,2015R1503,11,7,2015,1:40 PM
741,2015R1504,11,7,2015,4:35 PM
742,2015R1505,11,7,2015,7:20 PM
743,2015R1506,11,7,2015,5:40 PM
744,2015R1507,12,7,2015,1:10 PM
745,2015R1508,12,7,2015,3:20 PM
746,2015R1509,12,7,2015,4:40 PM
747,2015R1601,17,7,2015,7:50 PM
748,2015R1602,18,7,2015,1:45 PM
749,2015R1603,18,7,2015,2:10 PM
750,2015R1604,18,7,2015,4:35 PM
751,2015R1605,18,7,2015,7:20 PM
752,2015R1606,18,7,2015,5:40 PM
753,2015R1607,19,7,2015,1:10 PM
754,2015R1608,19,7,2015,2:50 PM
755,2015R1609,19,7,2015,4:40 PM
756,2015R1701,24,7,2015,7:50 PM
757,2015R1702,25,7,2015,1:45 PM
758,2015R1703,25,7,2015,1:40 PM
759,2015R1704,25,7,2015,4:35 PM
760,2015R1705,25,7,2015,7:20 PM
761,2015R1706,25,7,2015,7:20 PM
762,2015R1707,26,7,2015,1:10 PM
763,2015R1708,26,7,2015,3:20 PM
764,2015R1709,26,7,2015,2:40 PM
765,2015R1801,31,7,2015,7:50 PM
766,2015R1802,1,8,2015,1:45 PM
767,2015R1803,1,8,2015,2:10 PM
768,2015R1804,1,8,2015,4:35 PM
769,2015R1805,1,8,2015,7:20 PM
770,2015R1806,1,8,2015,7:20 PM
771,2015R1807,2,8,2015,12:40 PM
772,2015R1808,2,8,2015,3:20 PM
773,2015R1809,2,8,2015,2:40 PM
774,2015R1901,7,8,2015,7:20 PM
775,2015R1902,8,8,2015,1:45 PM
776,2015R1903,8,8,2015,2:10 PM
777,2015R1904,8,8,2015,4:35 PM
778,2015R1905,8,8,2015,7:20 PM
779,2015R1906,8,8,2015,5:40 PM
780,2015R1907,9,8,2015,1:10 PM
781,2015R1908,9,8,2015,3:20 PM
782,2015R1909,9,8,2015,4:40 PM
783,2015R2001,14,8,2015,7:50 PM
784,2015R2002,15,8,2015,1:45 PM
785,2015R2003,15,8,2015,2:10 PM
786,2015R2004,15,8,2015,4:05 PM
787,2015R2005,15,8,2015,7:20 PM
788,2015R2006,15,8,2015,7:20 PM
789,2015R2007,16,8,2015,1:10 PM
790,2015R2008,16,8,2015,3:20 PM
791,2015R2009,16,8,2015,2:40 PM
792,2015R2101,21,8,2015,7:50 PM
793,2015R2102,22,8,2015,1:45 PM
794,2015R2103,22,8,2015,2:10 PM
795,2015R2104,22,8,2015,4:35 PM
796,2015R2105,22,8,2015,7:20 PM
797,2015R2106,22,8,2015,7:10 PM
798,2015R2107,23,8,2015,1:10 PM
799,2015R2108,23,8,2015,3:20 PM
800,2015R2109,23,8,2015,2:40 PM
801,2015R2201,28,8,2015,7:50 PM
802,2015R2202,29,8,2015,1:45 PM
803,2015R2203,29,8,2015,2:10 PM
804,2015R2204,29,8,2015,4:35 PM
805,2015R2205,29,8,2015,7:20 PM
806,2015R2206,29,8,2015,7:20 PM
807,2015R2207,30,8,2015,12:40 PM
808,2015R2208,30,8,2015,3:20 PM
809,2015R2209,30,8,2015,2:40 PM
810,2015R2301,4,9,2015,7:50 PM
811,2015R2302,5,9,2015,1:05 PM
812,2015R2303,5,9,2015,1:45 PM
813,2015R2304,5,9,2015,3:20 PM
814,2015R2305,5,9,2015,4:40 PM
815,2015R2306,5,9,2015,7:25 PM
816,2015R2307,5,9,2015,5:40 PM
817,2015R2308,6,9,2015,1:10 PM
818,2015R2309,6,9,2015,3:20 PM
819,2015QF01,11,9,2015,6:20 PM
820,2015EF01,12,9,2015,7:20 PM
821,2015QF02,12,9,2015,1:20 PM
822,2015EF02,13,9,2015,3:20 PM
823,2015SF01,18,9,2015,7:50 PM
824,2015SF02,19,9,2015,7:20 PM
825,2015PF01,25,9,2015,6:20 PM
826,2015PF02,26,9,2015,5:45 PM
827,2015GF01,3,10,2015,2:30 PM
828,2016R0101,24,3,2016,7:20 PM
829,2016R0102,26,3,2016,1:40 PM
830,2016R0103,26,3,2016,3:35 PM
831,2016R0104,26,3,2016,7:25 PM
832,2016R0105,26,3,2016,7:25 PM
833,2016R0106,27,3,2016,1:10 PM
834,2016R0107,27,3,2016,2:50 PM
835,2016R0108,27,3,2016,4:40 PM
836,2016R0109,28,3,2016,3:20 PM
837,2016R0201,1,4,2016,7:50 PM
838,2016R0202,2,4,2016,1:15 PM
839,2016R0203,2,4,2016,2:10 PM
840,2016R0204,2,4,2016,3:35 PM
841,2016R0205,2,4,2016,7:25 PM
842,2016R0206,2,4,2016,4:40 PM
843,2016R0207,3,4,2016,1:10 PM
844,2016R0208,3,4,2016,3:20 PM
845,2016R0209,3,4,2016,4:40 PM
846,2016R0301,8,4,2016,7:20 PM
847,2016R0302,9,4,2016,1:45 PM
848,2016R0303,9,4,2016,2:10 PM
849,2016R0304,9,4,2016,4:35 PM
850,2016R0305,9,4,2016,7:25 PM
851,2016R0306,9,4,2016,5:40 PM
852,2016R0307,10,4,2016,1:10 PM
853,2016R0308,10,4,2016,3:20 PM
854,2016R0309,10,4,2016,4:40 PM
855,2016R0401,15,4,2016,6:10 PM
856,2016R0402,16,4,2016,1:45 PM
857,2016R0403,16,4,2016,2:10 PM
858,2016R0404,16,4,2016,4:35 PM
859,2016R0405,16,4,2016,7:25 PM
860,2016R0406,16,4,2016,7:10 PM
861,2016R0407,17,4,2016,1:10 PM
862,2016R0408,17,4,2016,3:20 PM
863,2016R0409,17,4,2016,4:40 PM
864,2016R0501,22,4,2016,7:50 PM
865,2016R0502,23,4,2016,1:45 PM
866,2016R0503,23,4,2016,4:35 PM
867,2016R0504,23,4,2016,7:25 PM
868,2016R0505,23,4,2016,7:15 PM
869,2016R0506,24,4,2016,1:10 PM
870,2016R0507,24,4,2016,2:15 PM
871,2016R0508,24,4,2016,7:10 PM
872,2016R0509,25,4,2016,3:20 PM
873,2016R0601,29,4,2016,7:50 PM
874,2016R0602,30,4,2016,1:45 PM
875,2016R0603,30,4,2016,1:40 PM
876,2016R0604,30,4,2016,4:35 PM
877,2016R0605,30,4,2016,7:25 PM
878,2016R0606,30,4,2016,7:25 PM
879,2016R0607,1,5,2016,1:10 PM
880,2016R0608,1,5,2016,3:20 PM
881,2016R0609,1,5,2016,2:40 PM
882,2016R0701,6,5,2016,7:50 PM
883,2016R0702,7,5,2016,1:45 PM
884,2016R0703,7,5,2016,2:10 PM
885,2016R0704,7,5,2016,4:35 PM
886,2016R0705,7,5,2016,5:10 PM
887,2016R0706,7,5,2016,7:40 PM
888,2016R0707,7,5,2016,6:10 PM
889,2016R0708,8,5,2016,3:20 PM
890,2016R0709,8,5,2016,4:10 PM
891,2016R0801,13,5,2016,7:20 PM
892,2016R0802,14,5,2016,1:45 PM
893,2016R0803,14,5,2016,2:10 PM
894,2016R0804,14,5,2016,4:35 PM
895,2016R0805,14,5,2016,7:25 PM
896,2016R0806,14,5,2016,7:25 PM
897,2016R0807,15,5,2016,1:10 PM
898,2016R0808,15,5,2016,3:20 PM
899,2016R0809,15,5,2016,2:40 PM
900,2016R0901,20,5,2016,7:50 PM
901,2016R0902,21,5,2016,1:45 PM
902,2016R0903,21,5,2016,2:10 PM
903,2016R0904,21,5,2016,4:05 PM
904,2016R0905,21,5,2016,7:25 PM
905,2016R0906,21,5,2016,5:40 PM
906,2016R0907,22,5,2016,1:10 PM
907,2016R0908,22,5,2016,3:20 PM
908,2016R0909,22,5,2016,4:40 PM
909,2016R1001,27,5,2016,7:50 PM
910,2016R1002,28,5,2016,1:45 PM
911,2016R1003,28,5,2016,1:40 PM
912,2016R1004,28,5,2016,4:35 PM
913,2016R1005,28,5,2016,7:25 PM
914,2016R1006,28,5,2016,7:10 PM
915,2016R1007,29,5,2016,1:10 PM
916,2016R1008,29,5,2016,3:20 PM
917,2016R1009,29,5,2016,2:40 PM
918,2016R1101,3,6,2016,7:50 PM
919,2016R1102,4,6,2016,1:45 PM
920,2016R1103,4,6,2016,2:10 PM
921,2016R1104,4,6,2016,4:35 PM
922,2016R1105,4,6,2016,7:25 PM
923,2016R1106,4,6,2016,5:40 PM
924,2016R1107,5,6,2016,1:10 PM
925,2016R1108,5,6,2016,3:20 PM
926,2016R1109,5,6,2016,4:10 PM
927,2016R1201,10,6,2016,7:50 PM
928,2016R1202,11,6,2016,1:10 PM
929,2016R1203,11,6,2016,4:35 PM
930,2016R1204,11,6,2016,7:25 PM
931,2016R1205,11,6,2016,5:40 PM
932,2016R1206,12,6,2016,1:10 PM
933,2016R1207,12,6,2016,3:20 PM
934,2016R1208,12,6,2016,4:40 PM
935,2016R1209,13,6,2016,3:20 PM
936,2016R1301,17,6,2016,7:50 PM
937,2016R1302,18,6,2016,1:40 PM
938,2016R1303,18,6,2016,2:35 PM
939,2016R1304,18,6,2016,7:25 PM
940,2016R1305,19,6,2016,1:10 PM
941,2016R1306,19,6,2016,4:40 PM
942,2016R1401,23,6,2016,7:20 PM
943,2016R1402,24,6,2016,7:50 PM
944,2016R1403,25,6,2016,1:40 PM
945,2016R1404,25,6,2016,4:35 PM
946,2016R1405,25,6,2016,7:25 PM
947,2016R1406,26,6,2016,3:20 PM
948,2016R1501,30,6,2016,6:10 PM
949,2016R1502,1,7,2016,7:20 PM
950,2016R1503,2,7,2016,1:40 PM
951,2016R1504,2,7,2016,4:35 PM
952,2016R1505,2,7,2016,7:25 PM
953,2016R1506,3,7,2016,3:20 PM
954,2016R1601,7,7,2016,7:20 PM
955,2016R1602,8,7,2016,7:50 PM
956,2016R1603,9,7,2016,1:40 PM
957,2016R1604,9,7,2016,4:35 PM
958,2016R1605,9,7,2016,7:25 PM
959,2016R1606,9,7,2016,7:10 PM
960,2016R1607,10,7,2016,1:10 PM
961,2016R1608,10,7,2016,1:20 PM
962,2016R1609,10,7,2016,4:40 PM
963,2016R1701,14,7,2016,7:20 PM
964,2016R1702,15,7,2016,6:10 PM
965,2016R1703,16,7,2016,1:40 PM
966,2016R1704,16,7,2016,4:35 PM
967,2016R1705,16,7,2016,7:25 PM
968,2016R1706,16,7,2016,7:10 PM
969,2016R1707,17,7,2016,1:10 PM
970,2016R1708,17,7,2016,3:20 PM
971,2016R1709,17,7,2016,4:40 PM
972,2016R1801,22,7,2016,7:50 PM
973,2016R1802,23,7,2016,1:45 PM
974,2016R1803,23,7,2016,2:10 PM
975,2016R1804,23,7,2016,2:35 PM
976,2016R1805,23,7,2016,7:25 PM
977,2016R1806,23,7,2016,7:25 PM
978,2016R1807,24,7,2016,1:10 PM
979,2016R1808,24,7,2016,3:20 PM
980,2016R1809,24,7,2016,4:10 PM
981,2016R1901,29,7,2016,7:50 PM
982,2016R1902,30,7,2016,1:45 PM
983,2016R1903,30,7,2016,2:10 PM
984,2016R1904,30,7,2016,4:35 PM
985,2016R1905,30,7,2016,7:25 PM
986,2016R1906,30,7,2016,7:25 PM
987,2016R1907,31,7,2016,1:10 PM
988,2016R1908,31,7,2016,1:20 PM
989,2016R1909,31,7,2016,4:10 PM
990,2016R2001,5,8,2016,7:50 PM
991,2016R2002,6,8,2016,1:45 PM
992,2016R2003,6,8,2016,2:10 PM
993,2016R2004,6,8,2016,4:35 PM
994,2016R2005,6,8,2016,7:25 PM
995,2016R2006,6,8,2016,7:10 PM
996,2016R2007,7,8,2016,1:10 PM
997,2016R2008,7,8,2016,3:20 PM
998,2016R2009,7,8,2016,2:40 PM
999,2016R2101,12,8,2016,7:50 PM
1000,2016R2102,13,8,2016,1:45 PM
1001,2016R2103,13,8,2016,2:10 PM
1002,2016R2104,13,8,2016,4:35 PM
1003,2016R2105,13,8,2016,7:25 PM
1004,2016R2106,13,8,2016,7:10 PM
1005,2016R2107,14,8,2016,1:10 PM
1006,2016R2108,14,8,2016,3:20 PM
1007,2016R2109,14,8,2016,2:40 PM
1008,2016R2201,19,8,2016,6:10 PM
1009,2016R2202,20,8,2016,1:45 PM
1010,2016R2203,20,8,2016,2:10 PM
1011,2016R2204,20,8,2016,4:35 PM
1012,2016R2205,20,8,2016,7:25 PM
1013,2016R2206,20,8,2016,7:10 PM
1014,2016R2207,21,8,2016,1:10 PM
1015,2016R2208,21,8,2016,3:20 PM
1016,2016R2209,21,8,2016,4:40 PM
1017,2016R2301,26,8,2016,7:40 PM
1018,2016R2302,27,8,2016,1:45 PM
1019,2016R2303,27,8,2016,2:10 PM
1020,2016R2304,27,8,2016,4:35 PM
1021,2016R2305,27,8,2016,7:25 PM
1022,2016R2306,27,8,2016,7:25 PM
1023,2016R2307,28,8,2016,1:10 PM
1024,2016R2308,28,8,2016,3:20 PM
1025,2016R2309,28,8,2016,2:40 PM
1026,2016EF01,8,9,2016,6:10 PM
1027,2016QF01,9,9,2016,7:50 PM
1028,2016EF02,10,9,2016,7:10 PM
1029,2016QF02,10,9,2016,3:20 PM
1030,2016SF01,16,9,2016,7:50 PM
1031,2016SF02,17,9,2016,7:25 PM
1032,2016PF01,23,9,2016,7:50 PM
1033,2016PF02,24,9,2016,5:15 PM
1034,2016GF01,1,10,2016,2:30 PM
1035,2017R0101,23,3,2017,7:20 PM
1036,2017R0102,24,3,2017,7:50 PM
1037,2017R0103,25,3,2017,4:35 PM
1038,2017R0104,25,3,2017,4:35 PM
1039,2017R0105,25,3,2017,7:25 PM
1040,2017R0106,25,3,2017,7:05 PM
1041,2017R0107,26,3,2017,1:10 PM
1042,2017R0108,26,3,2017,2:45 PM
1043,2017R0109,26,3,2017,4:40 PM
1044,2017R0201,30,3,2017,7:20 PM
1045,2017R0202,31,3,2017,7:50 PM
1046,2017R0203,1,4,2017,1:45 PM
1047,2017R0204,1,4,2017,4:35 PM
1048,2017R0205,1,4,2017,6:25 PM
1049,2017R0206,1,4,2017,4:40 PM
1050,2017R0207,2,4,2017,1:10 PM
1051,2017R0208,2,4,2017,3:20 PM
1052,2017R0209,2,4,2017,4:10 PM
1053,2017R0301,7,4,2017,7:50 PM
1054,2017R0302,8,4,2017,1:45 PM
1055,2017R0303,8,4,2017,2:10 PM
1056,2017R0304,8,4,2017,4:35 PM
1057,2017R0305,8,4,2017,5:40 PM
1058,2017R0306,8,4,2017,7:10 PM
1059,2017R0307,9,4,2017,1:10 PM
1060,2017R0308,9,4,2017,3:20 PM
1061,2017R0309,9,4,2017,4:40 PM
1062,2017R0401,13,4,2017,6:10 PM
1063,2017R0402,14,4,2017,4:20 PM
1064,2017R0403,15,4,2017,1:45 PM
1065,2017R0404,15,4,2017,4:35 PM
1066,2017R0405,15,4,2017,7:25 PM
1067,2017R0406,15,4,2017,7:10 PM
1068,2017R0407,16,4,2017,3:20 PM
1069,2017R0408,16,4,2017,4:40 PM
1070,2017R0409,17,4,2017,3:20 PM
1071,2017R0501,21,4,2017,7:20 PM
1072,2017R0502,22,4,2017,1:45 PM
1073,2017R0503,22,4,2017,4:35 PM
1074,2017R0504,22,4,2017,7:25 PM
1075,2017R0505,22,4,2017,5:40 PM
1076,2017R0506,23,4,2017,3:20 PM
1077,2017R0507,23,4,2017,4:40 PM
1078,2017R0508,24,4,2017,7:25 PM
1079,2017R0509,25,4,2017,3:20 PM
1080,2017R0601,28,4,2017,7:50 PM
1081,2017R0602,29,4,2017,1:45 PM
1082,2017R0603,29,4,2017,2:10 PM
1083,2017R0604,29,4,2017,4:35 PM
1084,2017R0605,29,4,2017,7:25 PM
1085,2017R0606,29,4,2017,6:10 PM
1086,2017R0607,30,4,2017,1:10 PM
1087,2017R0608,30,4,2017,3:20 PM
1088,2017R0609,30,4,2017,4:10 PM
1089,2017R0701,5,5,2017,7:50 PM
1090,2017R0702,6,5,2017,1:45 PM
1091,2017R0703,6,5,2017,2:10 PM
1092,2017R0704,6,5,2017,4:05 PM
1093,2017R0705,6,5,2017,7:25 PM
1094,2017R0706,6,5,2017,7:25 PM
1095,2017R0707,7,5,2017,1:10 PM
1096,2017R0708,7,5,2017,3:20 PM
1097,2017R0709,7,5,2017,2:40 PM
1098,2017R0801,12,5,2017,6:10 PM
1099,2017R0802,13,5,2017,1:45 PM
1100,2017R0803,13,5,2017,2:10 PM
1101,2017R0804,13,5,2017,4:35 PM
1102,2017R0805,13,5,2017,7:25 PM
1103,2017R0806,13,5,2017,7:10 PM
1104,2017R0807,14,5,2017,1:10 PM
1105,2017R0808,14,5,2017,1:15 PM
1106,2017R0809,14,5,2017,4:40 PM
1107,2017R0901,19,5,2017,7:50 PM
1108,2017R0902,20,5,2017,1:45 PM
1109,2017R0903,20,5,2017,4:35 PM
1110,2017R0904,20,5,2017,7:25 PM
1111,2017R0905,20,5,2017,7:25 PM
1112,2017R0906,21,5,2017,1:10 PM
1113,2017R0907,21,5,2017,3:20 PM
1114,2017R0908,21,5,2017,2:40 PM
1115,2017R1001,25,5,2017,7:20 PM
1116,2017R1002,26,5,2017,7:50 PM
1117,2017R1003,27,5,2017,1:45 PM
1118,2017R1004,27,5,2017,4:05 PM
1119,2017R1005,27,5,2017,7:25 PM
1120,2017R1006,27,5,2017,7:10 PM
1121,2017R1007,28,5,2017,1:10 PM
1122,2017R1008,28,5,2017,3:20 PM
1123,2017R1009,28,5,2017,2:40 PM
1124,2017R1101,1,6,2017,7:20 PM
1125,2017R1102,2,6,2017,7:50 PM
1126,2017R1103,3,6,2017,1:45 PM
1127,2017R1104,3,6,2017,4:35 PM
1128,2017R1105,3,6,2017,7:25 PM
1129,2017R1106,4,6,2017,2:40 PM
1130,2017R1201,8,6,2017,7:20 PM
1131,2017R1202,9,6,2017,7:20 PM
1132,2017R1203,10,6,2017,1:45 PM
1133,2017R1204,10,6,2017,4:35 PM
1134,2017R1205,10,6,2017,7:25 PM
1135,2017R1206,11,6,2017,3:20 PM
1136,2017R1207,12,6,2017,3:20 PM
1137,2017R1301,15,6,2017,6:10 PM
1138,2017R1302,16,6,2017,7:50 PM
1139,2017R1303,17,6,2017,1:45 PM
1140,2017R1304,17,6,2017,4:05 PM
1141,2017R1305,17,6,2017,7:25 PM
1142,2017R1306,18,6,2017,3:20 PM
1143,2017R1401,22,6,2017,7:20 PM
1144,2017R1402,23,6,2017,7:50 PM
1145,2017R1403,24,6,2017,1:45 PM
1146,2017R1404,24,6,2017,4:35 PM
1147,2017R1405,24,6,2017,7:25 PM
1148,2017R1406,24,6,2017,5:40 PM
1149,2017R1407,25,6,2017,1:10 PM
1150,2017R1408,25,6,2017,3:20 PM
1151,2017R1409,25,6,2017,4:40 PM
1152,2017R1501,30,6,2017,7:50 PM
1153,2017R1502,1,7,2017,1:45 PM
1154,2017R1503,1,7,2017,2:10 PM
1155,2017R1504,1,7,2017,4:35 PM
1156,2017R1505,1,7,2017,7:25 PM
1157,2017R1506,1,7,2017,7:10 PM
1158,2017R1507,2,7,2017,1:10 PM
1159,2017R1508,2,7,2017,3:20 PM
1160,2017R1509,2,7,2017,2:40 PM
1161,2017R1601,7,7,2017,7:20 PM
1162,2017R1602,8,7,2017,1:45 PM
1163,2017R1603,8,7,2017,2:10 PM
1164,2017R1604,8,7,2017,4:35 PM
1165,2017R1605,8,7,2017,7:25 PM
1166,2017R1606,8,7,2017,7:25 PM
1167,2017R1607,9,7,2017,1:10 PM
1168,2017R1608,9,7,2017,3:20 PM
1169,2017R1609,9,7,2017,2:40 PM
1170,2017R1701,14,7,2017,7:50 PM
1171,2017R1702,15,7,2017,1:45 PM
1172,2017R1703,15,7,2017,1:40 PM
1173,2017R1704,15,7,2017,4:35 PM
1174,2017R1705,15,7,2017,7:25 PM
1175,2017R1706,15,7,2017,7:10 PM
1176,2017R1707,16,7,2017,1:10 PM
1177,2017R1708,16,7,2017,3:20 PM
1178,2017R1709,16,7,2017,2:40 PM
1179,2017R1801,21,7,2017,7:20 PM
1180,2017R1802,22,7,2017,1:45 PM
1181,2017R1803,22,7,2017,2:10 PM
1182,2017R1804,22,7,2017,4:35 PM
1183,2017R1805,22,7,2017,7:25 PM
1184,2017R1806,22,7,2017,5:40 PM
1185,2017R1807,23,7,2017,1:10 PM
1186,2017R1808,23,7,2017,3:20 PM
1187,2017R1809,23,7,2017,4:40 PM
1188,2017R1901,28,7,2017,7:50 PM
1189,2017R1902,29,7,2017,1:45 PM
1190,2017R1903,29,7,2017,2:10 PM
1191,2017R1904,29,7,2017,4:05 PM
1192,2017R1905,29,7,2017,7:25 PM
1193,2017R1906,29,7,2017,7:25 PM
1194,2017R1907,30,7,2017,1:10 PM
1195,2017R1908,30,7,2017,3:20 PM
1196,2017R1909,30,7,2017,2:40 PM
1197,2017R2001,4,8,2017,7:50 PM
1198,2017R2002,5,8,2017,1:45 PM
1199,2017R2003,5,8,2017,2:10 PM
1200,2017R2004,5,8,2017,4:35 PM
1201,2017R2005,5,8,2017,7:25 PM
1202,2017R2006,5,8,2017,5:40 PM
1203,2017R2007,6,8,2017,1:10 PM
1204,2017R2008,6,8,2017,3:20 PM
1205,2017R2009,6,8,2017,4:10 PM
1206,2017R2101,11,8,2017,7:50 PM
1207,2017R2102,12,8,2017,1:45 PM
1208,2017R2103,12,8,2017,2:10 PM
1209,2017R2104,12,8,2017,4:35 PM
1210,2017R2105,12,8,2017,7:25 PM
1211,2017R2106,12,8,2017,5:40 PM
1212,2017R2107,13,8,2017,1:10 PM
1213,2017R2108,13,8,2017,3:20 PM
1214,2017R2109,13,8,2017,4:10 PM
1215,2017R2201,18,8,2017,7:20 PM
1216,2017R2202,19,8,2017,1:45 PM
1217,2017R2203,19,8,2017,2:10 PM
1218,2017R2204,19,8,2017,4:35 PM
1219,2017R2205,19,8,2017,7:25 PM
1220,2017R2206,19,8,2017,7:25 PM
1221,2017R2207,20,8,2017,1:10 PM
1222,2017R2208,20,8,2017,3:20 PM
1223,2017R2209,20,8,2017,2:40 PM
1224,2017R2301,25,8,2017,7:50 PM
1225,2017R2302,26,8,2017,1:45 PM
1226,2017R2303,26,8,2017,2:10 PM
1227,2017R2304,26,8,2017,4:35 PM
1228,2017R2305,26,8,2017,7:25 PM
1229,2017R2306,26,8,2017,7:10 PM
1230,2017R2307,27,8,2017,1:10 PM
1231,2017R2308,27,8,2017,3:20 PM
1232,2017R2309,27,8,2017,2:40 PM
1233,2017QF01,7,9,2017,7:20 PM
1234,2017QF02,8,9,2017,7:50 PM
1235,2017EF01,9,9,2017,4:20 PM
1236,2017EF02,9,9,2017,7:20 PM
1237,2017SF01,15,9,2017,7:50 PM
1238,2017SF02,16,9,2017,7:25 PM
1239,2017PF01,22,9,2017,7:20 PM
1240,2017PF02,23,9,2017,4:45 PM
1241,2017GF01,30,9,2017,2:30 PM
1242,2018R0101,22,3,2018,7:25 PM
1243,2018R0102,23,3,2018,7:50 PM
1244,2018R0103,24,3,2018,3:35 PM
1245,2018R0104,24,3,2018,4:05 PM
1246,2018R0105,24,3,2018,6:25 PM
1247,2018R0106,24,3,2018,7:25 PM
1248,2018R0107,25,3,2018,1:10 PM
1249,2018R0108,25,3,2018,3:20 PM
1250,2018R0109,25,3,2018,4:20 PM
1251,2018R0201,29,3,2018,7:20 PM
1252,2018R0202,30,3,2018,4:20 PM
1253,2018R0203,31,3,2018,1:45 PM
1254,2018R0204,31,3,2018,4:35 PM
1255,2018R0205,31,3,2018,6:25 PM
1256,2018R0206,31,3,2018,5:10 PM
1257,2018R0207,1,4,2018,3:20 PM
1258,2018R0208,1,4,2018,4:40 PM
1259,2018R0209,2,4,2018,3:20 PM
1260,2018R0301,6,4,2018,7:50 PM
1261,2018R0302,7,4,2018,1:15 PM
1262,2018R0303,7,4,2018,2:10 PM
1263,2018R0304,7,4,2018,2:35 PM
1264,2018R0305,7,4,2018,7:25 PM
1265,2018R0306,7,4,2018,7:25 PM
1266,2018R0307,8,4,2018,1:10 PM
1267,2018R0308,8,4,2018,3:20 PM
1268,2018R0309,8,4,2018,2:40 PM
1269,2018R0401,13,4,2018,7:20 PM
1270,2018R0402,14,4,2018,1:45 PM
1271,2018R0403,14,4,2018,2:10 PM
1272,2018R0404,14,4,2018,4:35 PM
1273,2018R0405,14,4,2018,7:25 PM
1274,2018R0406,14,4,2018,6:10 PM
1275,2018R0407,15,4,2018,1:10 PM
1276,2018R0408,15,4,2018,3:20 PM
1277,2018R0409,15,4,2018,4:40 PM
1278,2018R0501,20,4,2018,7:50 PM
1279,2018R0502,21,4,2018,1:45 PM
1280,2018R0503,21,4,2018,4:35 PM
1281,2018R0504,21,4,2018,7:10 PM
1282,2018R0505,21,4,2018,6:15 PM
1283,2018R0506,22,4,2018,3:20 PM
1284,2018R0507,22,4,2018,4:45 PM
1285,2018R0508,24,4,2018,7:25 PM
1286,2018R0509,25,4,2018,3:20 PM
1287,2018R0601,27,4,2018,7:50 PM
1288,2018R0602,28,4,2018,1:45 PM
1289,2018R0603,28,4,2018,2:10 PM
1290,2018R0604,28,4,2018,4:35 PM
1291,2018R0605,28,4,2018,7:25 PM
1292,2018R0606,28,4,2018,7:10 PM
1293,2018R0607,29,4,2018,1:10 PM
1294,2018R0608,29,4,2018,3:20 PM
1295,2018R0609,29,4,2018,2:40 PM
1296,2018R0701,4,5,2018,7:50 PM
1297,2018R0702,5,5,2018,1:45 PM
1298,2018R0703,5,5,2018,2:10 PM
1299,2018R0704,5,5,2018,2:35 PM
1300,2018R0705,5,5,2018,7:25 PM
1301,2018R0706,5,5,2018,7:10 PM
1302,2018R0707,6,5,2018,1:10 PM
1303,2018R0708,6,5,2018,3:20 PM
1304,2018R0709,6,5,2018,4:40 PM
1305,2018R0801,11,5,2018,7:50 PM
1306,2018R0802,12,5,2018,1:45 PM
1307,2018R0803,12,5,2018,2:10 PM
1308,2018R0804,12,5,2018,4:35 PM
1309,2018R0805,12,5,2018,4:40 PM
1310,2018R0806,12,5,2018,7:25 PM
1311,2018R0807,12,5,2018,6:10 PM
1312,2018R0808,13,5,2018,1:10 PM
1313,2018R0809,13,5,2018,3:20 PM
1314,2018R0901,18,5,2018,7:20 PM
1315,2018R0902,19,5,2018,1:45 PM
1316,2018R0903,19,5,2018,1:15 PM
1317,2018R0904,19,5,2018,4:35 PM
1318,2018R0905,19,5,2018,7:25 PM
1319,2018R0906,19,5,2018,7:25 PM
1320,2018R0907,20,5,2018,1:10 PM
1321,2018R0908,20,5,2018,3:20 PM
1322,2018R0909,20,5,2018,2:40 PM
1323,2018R1001,25,5,2018,7:50 PM
1324,2018R1002,26,5,2018,1:45 PM
1325,2018R1003,26,5,2018,4:35 PM
1326,2018R1004,26,5,2018,7:25 PM
1327,2018R1005,26,5,2018,7:25 PM
1328,2018R1006,27,5,2018,1:10 PM
1329,2018R1007,27,5,2018,2:50 PM
1330,2018R1008,27,5,2018,2:40 PM
1331,2018R1101,1,6,2018,7:50 PM
1332,2018R1102,2,6,2018,1:45 PM
1333,2018R1103,2,6,2018,2:10 PM
1334,2018R1104,2,6,2018,4:35 PM
1335,2018R1105,2,6,2018,7:25 PM
1336,2018R1106,2,6,2018,6:10 PM
1337,2018R1107,3,6,2018,1:10 PM
1338,2018R1108,3,6,2018,3:20 PM
1339,2018R1109,3,6,2018,4:10 PM
1340,2018R1201,8,6,2018,7:20 PM
1341,2018R1202,9,6,2018,1:45 PM
1342,2018R1203,9,6,2018,4:35 PM
1343,2018R1204,9,6,2018,7:25 PM
1344,2018R1205,10,6,2018,1:10 PM
1345,2018R1206,10,6,2018,2:40 PM
1346,2018R1207,11,6,2018,3:20 PM
1347,2018R1301,14,6,2018,7:20 PM
1348,2018R1302,15,6,2018,7:50 PM
1349,2018R1303,16,6,2018,1:45 PM
1350,2018R1304,16,6,2018,4:35 PM
1351,2018R1305,16,6,2018,7:25 PM
1352,2018R1306,17,6,2018,3:20 PM
1353,2018R1401,21,6,2018,6:10 PM
1354,2018R1402,22,6,2018,7:20 PM
1355,2018R1403,23,6,2018,1:45 PM
1356,2018R1404,23,6,2018,4:35 PM
1357,2018R1405,23,6,2018,7:25 PM
1358,2018R1406,24,6,2018,3:20 PM
1359,2018R1501,28,6,2018,7:20 PM
1360,2018R1502,29,6,2018,7:50 PM
1361,2018R1503,30,6,2018,1:45 PM
1362,2018R1504,30,6,2018,4:05 PM
1363,2018R1505,30,6,2018,7:25 PM
1364,2018R1506,30,6,2018,7:25 PM
1365,2018R1507,1,7,2018,1:10 PM
1366,2018R1508,1,7,2018,3:20 PM
1367,2018R1509,1,7,2018,2:40 PM
1368,2018R1601,5,7,2018,7:20 PM
1369,2018R1602,6,7,2018,7:50 PM
1370,2018R1603,7,7,2018,1:45 PM
1371,2018R1604,7,7,2018,4:05 PM
1372,2018R1605,7,7,2018,7:25 PM
1373,2018R1606,7,7,2018,7:10 PM
1374,2018R1607,8,7,2018,1:10 PM
1375,2018R1608,8,7,2018,3:20 PM
1376,2018R1609,8,7,2018,2:40 PM
1377,2018R1701,12,7,2018,7:20 PM
1378,2018R1702,13,7,2018,7:50 PM
1379,2018R1703,14,7,2018,1:45 PM
1380,2018R1704,14,7,2018,4:35 PM
1381,2018R1705,14,7,2018,7:25 PM
1382,2018R1706,14,7,2018,7:25 PM
1383,2018R1707,15,7,2018,1:10 PM
1384,2018R1708,15,7,2018,3:20 PM
1385,2018R1709,15,7,2018,2:40 PM
1386,2018R1801,20,7,2018,7:50 PM
1387,2018R1802,21,7,2018,1:45 PM
1388,2018R1803,21,7,2018,2:10 PM
1389,2018R1804,21,7,2018,4:35 PM
1390,2018R1805,21,7,2018,7:25 PM
1391,2018R1806,21,7,2018,7:25 PM
1392,2018R1807,22,7,2018,1:10 PM
1393,2018R1808,22,7,2018,1:20 PM
1394,2018R1809,22,7,2018,4:10 PM
1395,2018R1901,27,7,2018,7:50 PM
1396,2018R1902,28,7,2018,1:45 PM
1397,2018R1903,28,7,2018,2:10 PM
1398,2018R1904,28,7,2018,4:35 PM
1399,2018R1905,28,7,2018,7:25 PM
1400,2018R1906,28,7,2018,7:10 PM
1401,2018R1907,29,7,2018,1:10 PM
1402,2018R1908,29,7,2018,3:20 PM
1403,2018R1909,29,7,2018,2:40 PM
1404,2018R2001,3,8,2018,7:50 PM
1405,2018R2002,4,8,2018,1:45 PM
1406,2018R2003,4,8,2018,2:10 PM
1407,2018R2004,4,8,2018,4:05 PM
1408,2018R2005,4,8,2018,7:25 PM
1409,2018R2006,4,8,2018,7:25 PM
1410,2018R2007,5,8,2018,1:10 PM
1411,2018R2008,5,8,2018,3:20 PM
1412,2018R2009,5,8,2018,2:40 PM
1413,2018R2101,10,8,2018,7:50 PM
1414,2018R2102,11,8,2018,1:45 PM
1415,2018R2103,11,8,2018,2:10 PM
1416,2018R2104,11,8,2018,4:05 PM
1417,2018R2105,11,8,2018,7:25 PM
1418,2018R2106,11,8,2018,7:25 PM
1419,2018R2107,12,8,2018,1:10 PM
1420,2018R2108,12,8,2018,3:20 PM
1421,2018R2109,12,8,2018,2:40 PM
1422,2018R2201,17,8,2018,7:50 PM
1423,2018R2202,18,8,2018,1:45 PM
1424,2018R2203,18,8,2018,2:10 PM
1425,2018R2204,18,8,2018,4:35 PM
1426,2018R2205,18,8,2018,7:25 PM
1427,2018R2206,18,8,2018,7:25 PM
1428,2018R2207,19,8,2018,1:10 PM
1429,2018R2208,19,8,2018,1:20 PM
1430,2018R2209,19,8,2018,4:10 PM
1431,2018R2301,24,8,2018,7:20 PM
1432,2018R2302,25,8,2018,1:45 PM
1433,2018R2303,25,8,2018,2:10 PM
1434,2018R2304,25,8,2018,2:35 PM
1435,2018R2305,25,8,2018,7:25 PM
1436,2018R2306,25,8,2018,7:25 PM
1437,2018R2307,26,8,2018,1:10 PM
1438,2018R2308,26,8,2018,3:20 PM
1439,2018R2309,26,8,2018,4:40 PM
1440,2018QF01,6,9,2018,7:20 PM
1441,2018EF01,7,9,2018,7:50 PM
1442,2018EF02,8,9,2018,4:20 PM
1443,2018QF02,8,9,2018,6:10 PM
1444,2018SF01,14,9,2018,7:50 PM
1445,2018SF02,15,9,2018,7:25 PM
1446,2018PF01,21,9,2018,7:50 PM
1447,2018PF02,22,9,2018,1:20 PM
1448,2018GF01,29,9,2018,2:30 PM
1449,2019R0101,21,3,2019,7:25 PM
1450,2019R0102,22,3,2019,7:50 PM
1451,2019R0103,23,3,2019,1:45 PM
1452,2019R0104,23,3,2019,4:05 PM
1453,2019R0105,23,3,2019,7:25 PM
1454,2019R0106,23,3,2019,7:20 PM
1455,2019R0107,24,3,2019,1:10 PM
1456,2019R0108,24,3,2019,3:20 PM
1457,2019R0109,24,3,2019,3:20 PM
1458,2019R0201,28,3,2019,7:20 PM
1459,2019R0202,29,3,2019,7:50 PM
1460,2019R0203,30,3,2019,4:35 PM
1461,2019R0204,30,3,2019,4:40 PM
1462,2019R0205,30,3,2019,7:25 PM
1463,2019R0206,30,3,2019,5:10 PM
1464,2019R0207,31,3,2019,1:10 PM
1465,2019R0208,31,3,2019,3:20 PM
1466,2019R0209,31,3,2019,3:40 PM
1467,2019R0301,4,4,2019,7:20 PM
1468,2019R0302,5,4,2019,7:50 PM
1469,2019R0303,6,4,2019,1:45 PM
1470,2019R0304,6,4,2019,4:35 PM
1471,2019R0305,6,4,2019,6:25 PM
1472,2019R0306,6,4,2019,7:25 PM
1473,2019R0307,7,4,2019,2:20 PM
1474,2019R0308,7,4,2019,3:20 PM
1475,2019R0309,7,4,2019,3:20 PM
1476,2019R0401,11,4,2019,7:20 PM
1477,2019R0402,12,4,2019,7:50 PM
1478,2019R0403,13,4,2019,1:45 PM
1479,2019R0404,13,4,2019,2:10 PM
1480,2019R0405,13,4,2019,4:05 PM
1481,2019R0406,13,4,2019,7:25 PM
1482,2019R0407,13,4,2019,6:10 PM
1483,2019R0408,14,4,2019,2:40 PM
1484,2019R0409,14,4,2019,3:20 PM
1485,2019R0501,18,4,2019,7:35 PM
1486,2019R0502,19,4,2019,4:20 PM
1487,2019R0503,19,4,2019,6:10 PM
1488,2019R0504,20,4,2019,1:45 PM
1489,2019R0505,20,4,2019,4:35 PM
1490,2019R0506,20,4,2019,7:25 PM
1491,2019R0507,21,4,2019,1:10 PM
1492,2019R0508,21,4,2019,4:10 PM
1493,2019R0509,22,4,2019,3:20 PM
1494,2019R0601,24,4,2019,7:35 PM
1495,2019R0602,25,4,2019,3:20 PM
1496,2019R0603,26,4,2019,7:20 PM
1497,2019R0604,27,4,2019,1:45 PM
1498,2019R0605,27,4,2019,4:35 PM
1499,2019R0606,27,4,2019,7:25 PM
1500,2019R0607,27,4,2019,6:10 PM
1501,2019R0608,28,4,2019,3:20 PM
1502,2019R0609,28,4,2019,4:40 PM
1503,2019R0701,3,5,2019,7:50 PM
1504,2019R0702,4,5,2019,1:45 PM
1505,2019R0703,4,5,2019,1:45 PM
1506,2019R0704,4,5,2019,4:35 PM
1507,2019R0705,4,5,2019,7:25 PM
1508,2019R0706,4,5,2019,6:10 PM
1509,2019R0707,5,5,2019,1:10 PM
1510,2019R0708,5,5,2019,3:20 PM
1511,2019R0709,5,5,2019,4:10 PM
1512,2019R0801,10,5,2019,7:50 PM
1513,2019R0802,11,5,2019,1:45 PM
1514,2019R0803,11,5,2019,1:45 PM
1515,2019R0804,11,5,2019,4:35 PM
1516,2019R0805,11,5,2019,7:25 PM
1517,2019R0806,11,5,2019,7:10 PM
1518,2019R0807,12,5,2019,1:10 PM
1519,2019R0808,12,5,2019,3:20 PM
1520,2019R0809,12,5,2019,3:20 PM
1521,2019R0901,17,5,2019,6:10 PM
1522,2019R0902,18,5,2019,1:45 PM
1523,2019R0903,18,5,2019,2:10 PM
1524,2019R0904,18,5,2019,4:35 PM
1525,2019R0905,18,5,2019,7:25 PM
1526,2019R0906,18,5,2019,7:25 PM
1527,2019R0907,19,5,2019,12:40 PM
1528,2019R0908,19,5,2019,3:20 PM
1529,2019R0909,19,5,2019,4:40 PM
1530,2019R1001,24,5,2019,7:50 PM
1531,2019R1002,25,5,2019,1:45 PM
1532,2019R1003,25,5,2019,2:10 PM
1533,2019R1004,25,5,2019,4:05 PM
1534,2019R1005,25,5,2019,7:25 PM
1535,2019R1006,25,5,2019,7:25 PM
1536,2019R1007,26,5,2019,1:10 PM
1537,2019R1008,26,5,2019,3:20 PM
1538,2019R1009,26,5,2019,3:20 PM
1539,2019R1101,31,5,2019,7:50 PM
1540,2019R1102,1,6,2019,1:45 PM
1541,2019R1103,1,6,2019,1:45 PM
1542,2019R1104,1,6,2019,4:35 PM
1543,2019R1105,1,6,2019,7:25 PM
1544,2019R1106,1,6,2019,7:10 PM
1545,2019R1107,2,6,2019,12:20 PM
1546,2019R1108,2,6,2019,3:20 PM
1547,2019R1109,2,6,2019,3:20 PM
1548,2019R1201,7,6,2019,7:50 PM
1549,2019R1202,8,6,2019,1:45 PM
1550,2019R1203,8,6,2019,4:35 PM
1551,2019R1204,8,6,2019,7:10 PM
1552,2019R1205,9,6,2019,3:20 PM
1553,2019R1206,10,6,2019,3:20 PM
1554,2019R1301,13,6,2019,7:20 PM
1555,2019R1302,14,6,2019,7:50 PM
1556,2019R1303,15,6,2019,1:45 PM
1557,2019R1304,15,6,2019,2:35 PM
1558,2019R1305,15,6,2019,7:25 PM
1559,2019R1306,16,6,2019,3:20 PM
1560,2019R1401,20,6,2019,6:10 PM
1561,2019R1402,21,6,2019,7:50 PM
1562,2019R1403,22,6,2019,1:45 PM
1563,2019R1404,22,6,2019,4:35 PM
1564,2019R1405,22,6,2019,7:10 PM
1565,2019R1406,23,6,2019,3:20 PM
1566,2019R1501,27,6,2019,7:20 PM
1567,2019R1502,28,6,2019,7:50 PM
1568,2019R1503,29,6,2019,1:45 PM
1569,2019R1504,29,6,2019,4:35 PM
1570,2019R1505,29,6,2019,7:25 PM
1571,2019R1506,29,6,2019,7:10 PM
1572,2019R1507,30,6,2019,1:10 PM
1573,2019R1508,30,6,2019,3:20 PM
1574,2019R1509,30,6,2019,3:20 PM
1575,2019R1601,5,7,2019,7:50 PM
1576,2019R1602,6,7,2019,1:45 PM
1577,2019R1603,6,7,2019,2:10 PM
1578,2019R1604,6,7,2019,4:05 PM
1579,2019R1605,6,7,2019,7:25 PM
1580,2019R1606,6,7,2019,6:10 PM
1581,2019R1607,7,7,2019,1:10 PM
1582,2019R1608,7,7,2019,3:20 PM
1583,2019R1609,7,7,2019,4:40 PM
1584,2019R1701,12,7,2019,6:10 PM
1585,2019R1702,13,7,2019,1:45 PM
1586,2019R1703,13,7,2019,2:10 PM
1587,2019R1704,13,7,2019,4:35 PM
1588,2019R1705,13,7,2019,7:25 PM
1589,2019R1706,13,7,2019,7:25 PM
1590,2019R1707,14,7,2019,1:10 PM
1591,2019R1708,14,7,2019,3:20 PM
1592,2019R1709,14,7,2019,4:10 PM
1593,2019R1801,19,7,2019,7:20 PM
1594,2019R1802,20,7,2019,1:45 PM
1595,2019R1803,20,7,2019,2:10 PM
1596,2019R1804,20,7,2019,4:35 PM
1597,2019R1805,20,7,2019,7:25 PM
1598,2019R1806,20,7,2019,6:10 PM
1599,2019R1807,21,7,2019,1:10 PM
1600,2019R1808,21,7,2019,2:50 PM
1601,2019R1809,21,7,2019,4:40 PM
1602,2019R1901,26,7,2019,7:50 PM
1603,2019R1902,27,7,2019,1:45 PM
1604,2019R1903,27,7,2019,2:10 PM
1605,2019R1904,27,7,2019,2:35 PM
1606,2019R1905,27,7,2019,7:25 PM
1607,2019R1906,27,7,2019,7:10 PM
1608,2019R1907,28,7,2019,1:10 PM
1609,2019R1908,28,7,2019,3:20 PM
1610,2019R1909,28,7,2019,4:40 PM
1611,2019R2001,2,8,2019,7:50 PM
1612,2019R2002,3,8,2019,1:45 PM
1613,2019R2003,3,8,2019,2:10 PM
1614,2019R2004,3,8,2019,2:35 PM
1615,2019R2005,3,8,2019,7:25 PM
1616,2019R2006,3,8,2019,7:10 PM
1617,2019R2007,4,8,2019,1:10 PM
1618,2019R2008,4,8,2019,3:20 PM
1619,2019R2009,4,8,2019,4:40 PM
1620,2019R2101,9,8,2019,7:50 PM
1621,2019R2102,10,8,2019,1:45 PM
1622,2019R2103,10,8,2019,1:40 PM
1623,2019R2104,10,8,2019,4:35 PM
1624,2019R2105,10,8,2019,7:25 PM
1625,2019R2106,10,8,2019,7:25 PM
1626,2019R2107,11,8,2019,1:10 PM
1627,2019R2108,11,8,2019,3:20 PM
1628,2019R2109,11,8,2019,3:20 PM
1629,2019R2201,16,8,2019,7:50 PM
1630,2019R2202,17,8,2019,1:45 PM
1631,2019R2203,17,8,2019,2:10 PM
1632,2019R2204,17,8,2019,4:05 PM
1633,2019R2205,17,8,2019,7:25 PM
1634,2019R2206,17,8,2019,6:10 PM
1635,2019R2207,18,8,2019,1:10 PM
1636,2019R2208,18,8,2019,3:20 PM
1637,2019R2209,18,8,2019,4:40 PM
1638,2019R2301,23,8,2019,7:50 PM
1639,2019R2302,24,8,2019,1:45 PM
1640,2019R2303,24,8,2019,2:10 PM
1641,2019R2304,24,8,2019,4:35 PM
1642,2019R2305,24,8,2019,7:25 PM
1643,2019R2306,24,8,2019,6:10 PM
1644,2019R2307,25,8,2019,1:10 PM
1645,2019R2308,25,8,2019,3:20 PM
1646,2019R2309,25,8,2019,4:10 PM
1647,2019EF01,5,9,2019,6:10 PM
1648,2019QF01,6,9,2019,7:50 PM
1649,2019EF02,7,9,2019,3:20 PM
1650,2019QF02,7,9,2019,7:25 PM
1651,2019SF01,13,9,2019,7:50 PM
1652,2019SF02,14,9,2019,7:25 PM
1653,2019PF01,20,9,2019,7:50 PM
1654,2019PF02,21,9,2019,4:35 PM
1655,2019GF01,28,9,2019,2:30 PM
1656,2020R0101,19,3,2020,7:40 PM
1657,2020R0102,20,3,2020,7:50 PM
1658,2020R0103,21,3,2020,2:10 PM
1659,2020R0104,21,3,2020,4:35 PM
1660,2020R0105,21,3,2020,6:40 PM
1661,2020R0106,21,3,2020,7:40 PM
1662,2020R0107,22,3,2020,1:05 PM
1663,2020R0108,22,3,2020,3:35 PM
1664,2020R0109,22,3,2020,3:40 PM
1665,2020R0201,11,6,2020,7:40 PM
1666,2020R0202,12,6,2020,7:50 PM
1667,2020R0203,13,6,2020,1:45 PM
1668,2020R0204,13,6,2020,4:35 PM
1669,2020R0205,13,6,2020,7:10 PM
1670,2020R0206,13,6,2020,7:40 PM
1671,2020R0207,14,6,2020,1:05 PM
1672,2020R0208,14,6,2020,3:35 PM
1673,2020R0209,14,6,2020,6:05 PM
1674,2020R0301,18,6,2020,7:40 PM
1675,2020R0302,19,6,2020,7:50 PM
1676,2020R0303,20,6,2020,1:45 PM
1677,2020R0304,20,6,2020,4:35 PM
1678,2020R0305,20,6,2020,7:40 PM
1679,2020R0306,20,6,2020,7:40 PM
1680,2020R0307,21,6,2020,3:05 PM
1681,2020R0308,21,6,2020,8:10 PM
1682,2020R0401,25,6,2020,7:40 PM
1683,2020R0402,26,6,2020,7:50 PM
1684,2020R0403,27,6,2020,1:45 PM
1685,2020R0404,27,6,2020,4:35 PM
1686,2020R0405,27,6,2020,7:40 PM
1687,2020R0406,27,6,2020,7:40 PM
1688,2020R0407,28,6,2020,1:05 PM
1689,2020R0408,28,6,2020,3:35 PM
1690,2020R0409,28,6,2020,6:10 PM
1691,2020R0501,2,7,2020,7:40 PM
1692,2020R0502,3,7,2020,7:50 PM
1693,2020R0503,4,7,2020,1:45 PM
1694,2020R0504,4,7,2020,4:35 PM
1695,2020R0505,4,7,2020,7:40 PM
1696,2020R0506,4,7,2020,7:40 PM
1697,2020R0507,5,7,2020,1:05 PM
1698,2020R0508,5,7,2020,3:35 PM
1699,2020R0509,5,7,2020,6:10 PM
1700,2020R0601,9,7,2020,7:40 PM
1701,2020R0602,10,7,2020,7:50 PM
1702,2020R0603,11,7,2020,12:35 PM
1703,2020R0604,11,7,2020,3:05 PM
1704,2020R0605,11,7,2020,6:05 PM
1705,2020R0606,11,7,2020,7:40 PM
1706,2020R0607,12,7,2020,1:05 PM
1707,2020R0608,12,7,2020,3:35 PM
1708,2020R0609,12,7,2020,6:45 PM
1709,2020R0701,16,7,2020,6:10 PM
1710,2020R0702,17,7,2020,7:50 PM
1711,2020R0703,18,7,2020,1:45 PM
1712,2020R0704,18,7,2020,4:35 PM
1713,2020R0705,18,7,2020,7:40 PM
1714,2020R0706,19,7,2020,1:05 PM
1715,2020R0707,19,7,2020,3:35 PM
1716,2020R0708,19,7,2020,4:35 PM
1717,2020R0709,20,7,2020,7:10 PM
1718,2020R0801,23,7,2020,7:40 PM
1719,2020R0802,24,7,2020,7:50 PM
1720,2020R0803,25,7,2020,1:05 PM
1721,2020R0804,25,7,2020,3:35 PM
1722,2020R0805,25,7,2020,7:10 PM
1723,2020R0806,26,7,2020,12:35 PM
1724,2020R0807,26,7,2020,1:35 PM
1725,2020R0808,26,7,2020,6:10 PM
1726,2020R0809,27,7,2020,6:10 PM
1727,2020R0901,29,7,2020,7:10 PM
1728,2020R0902,30,7,2020,7:50 PM
1729,2020R0903,31,7,2020,3:40 PM
1730,2020R0904,31,7,2020,8:10 PM
1731,2020R0905,1,8,2020,2:35 PM
1732,2020R0906,1,8,2020,5:10 PM
1733,2020R0907,1,8,2020,6:10 PM
1734,2020R0908,2,8,2020,3:35 PM
1735,2020R0909,2,8,2020,4:10 PM
1736,2020R1001,3,8,2020,6:40 PM
1737,2020R1002,4,8,2020,7:10 PM
1738,2020R1003,5,8,2020,5:40 PM
1739,2020R1004,5,8,2020,7:40 PM
1740,2020R1005,6,8,2020,5:40 PM
1741,2020R1006,6,8,2020,8:10 PM
1742,2020R1007,7,8,2020,7:50 PM
1743,2020R1101,8,8,2020,4:05 PM
1744,2020R1102,8,8,2020,7:40 PM
1745,2020R1103,9,8,2020,1:35 PM
1746,2020R1104,9,8,2020,5:40 PM
1747,2020R1105,10,8,2020,6:10 PM
1748,2020R1106,10,8,2020,6:40 PM
1749,2020R1107,11,8,2020,6:05 PM
1750,2020R1108,12,8,2020,7:10 PM
1751,2020R1201,13,8,2020,6:10 PM
1752,2020R1202,14,8,2020,7:50 PM
1753,2020R1203,15,8,2020,2:35 PM
1754,2020R1204,15,8,2020,5:10 PM
1755,2020R1205,15,8,2020,6:10 PM
1756,2020R1206,16,8,2020,1:05 PM
1757,2020R1207,16,8,2020,3:35 PM
1758,2020R1208,16,8,2020,4:10 PM
1759,2020R1209,17,8,2020,7:10 PM
1760,2020R1301,21,8,2020,7:20 PM
1761,2020R1302,22,8,2020,1:45 PM
1762,2020R1303,22,8,2020,4:05 PM
1763,2020R1304,22,8,2020,7:15 PM
1764,2020R1305,22,8,2020,6:10 PM
1765,2020R1306,23,8,2020,12:35 PM
1766,2020R1307,23,8,2020,3:35 PM
1767,2020R1308,23,8,2020,4:10 PM
1768,2020R1309,24,8,2020,7:10 PM
1769,2020R1401,27,8,2020,4:10 PM
1770,2020R1402,27,8,2020,7:10 PM
1771,2020R1403,28,8,2020,7:50 PM
1772,2020R1404,29,8,2020,1:15 PM
1773,2020R1405,29,8,2020,2:35 PM
1774,2020R1406,29,8,2020,7:10 PM
1775,2020R1407,30,8,2020,3:35 PM
1776,2020R1408,30,8,2020,6:10 PM
1777,2020R1501,1,9,2020,5:10 PM
1778,2020R1502,1,9,2020,8:10 PM
1779,2020R1503,2,9,2020,7:10 PM
1780,2020R1504,3,9,2020,4:40 PM
1781,2020R1505,3,9,2020,7:10 PM
1782,2020R1506,4,9,2020,7:50 PM
1783,2020R1601,5,9,2020,7:40 PM
1784,2020R1602,6,9,2020,1:05 PM
1785,2020R1603,6,9,2020,3:35 PM
1786,2020R1604,6,9,2020,6:10 PM
1787,2020R1605,7,9,2020,7:10 PM
1788,2020R1606,8,9,2020,5:10 PM
1789,2020R1607,8,9,2020,8:10 PM
1790,2020R1608,9,9,2020,7:10 PM
1791,2020R1701,10,9,2020,7:10 PM
1792,2020R1702,11,9,2020,7:50 PM
1793,2020R1703,12,9,2020,2:10 PM
1794,2020R1704,12,9,2020,4:35 PM
1795,2020R1705,12,9,2020,7:40 PM
1796,2020R1706,13,9,2020,1:05 PM
1797,2020R1707,13,9,2020,3:05 PM
1798,2020R1708,13,9,2020,6:10 PM
1799,2020R1709,14,9,2020,7:10 PM
1800,2020R1801,17,9,2020,7:10 PM
1801,2020R1802,18,9,2020,7:50 PM
1802,2020R1803,19,9,2020,2:10 PM
1803,2020R1804,19,9,2020,4:40 PM
1804,2020R1805,19,9,2020,7:40 PM
1805,2020R1806,20,9,2020,12:35 PM
1806,2020R1807,20,9,2020,3:35 PM
1807,2020R1808,20,9,2020,6:10 PM
1808,2020R1809,21,9,2020,7:15 PM
1809,2020QF01,1,10,2020,7:10 PM
1810,2020QF02,2,10,2020,7:50 PM
1811,2020EF01,3,10,2020,4:40 PM
1812,2020EF02,3,10,2020,6:10 PM
1813,2020SF01,9,10,2020,6:50 PM
1814,2020SF02,10,10,2020,6:40 PM
1815,2020PF01,16,10,2020,7:20 PM
1816,2020PF02,17,10,2020,6:40 PM
1817,2020GF01,24,10,2020,6:30 PM
1818,2021R0101,18,3,2021,7:25 PM
1819,2021R0102,19,3,2021,7:50 PM
1820,2021R0103,20,3,2021,1:45 PM
1821,2021R0104,20,3,2021,4:05 PM
1822,2021R0105,20,3,2021,7:25 PM
1823,2021R0106,20,3,2021,6:45 PM
1824,2021R0107,21,3,2021,1:10 PM
1825,2021R0108,21,3,2021,3:20 PM
1826,2021R0109,21,3,2021,3:10 PM
1827,2021R0201,25,3,2021,7:20 PM
1828,2021R0202,26,3,2021,7:50 PM
1829,2021R0203,27,3,2021,1:45 PM
1830,2021R0204,27,3,2021,4:05 PM
1831,2021R0205,27,3,2021,7:25 PM
1832,2021R0206,27,3,2021,7:10 PM
1833,2021R0207,28,3,2021,1:10 PM
1834,2021R0208,28,3,2021,3:20 PM
1835,2021R0209,28,3,2021,3:10 PM
1836,2021R0301,1,4,2021,7:40 PM
1837,2021R0302,2,4,2021,4:20 PM
1838,2021R0303,2,4,2021,7:20 PM
1839,2021R0304,3,4,2021,1:45 PM
1840,2021R0305,3,4,2021,4:35 PM
1841,2021R0306,3,4,2021,5:10 PM
1842,2021R0307,4,4,2021,3:20 PM
1843,2021R0308,4,4,2021,6:10 PM
1844,2021R0309,5,4,2021,3:20 PM
1845,2021R0401,8,4,2021,7:20 PM
1846,2021R0402,9,4,2021,7:20 PM
1847,2021R0403,10,4,2021,1:35 PM
1848,2021R0404,10,4,2021,4:35 PM
1849,2021R0405,10,4,2021,7:25 PM
1850,2021R0406,10,4,2021,7:25 PM
1851,2021R0407,11,4,2021,1:10 PM
1852,2021R0408,11,4,2021,3:20 PM
1853,2021R0409,11,4,2021,2:40 PM
1854,2021R0501,15,4,2021,7:20 PM
1855,2021R0502,16,4,2021,6:10 PM
1856,2021R0503,17,4,2021,4:35 PM
1857,2021R0504,17,4,2021,4:35 PM
1858,2021R0505,17,4,2021,7:25 PM
1859,2021R0506,17,4,2021,7:25 PM
1860,2021R0507,18,4,2021,12:40 PM
1861,2021R0508,18,4,2021,3:20 PM
1862,2021R0509,18,4,2021,4:40 PM
1863,2021R0601,23,4,2021,7:50 PM
1864,2021R0602,24,4,2021,1:45 PM
1865,2021R0603,24,4,2021,1:45 PM
1866,2021R0604,24,4,2021,4:35 PM
1867,2021R0605,24,4,2021,7:25 PM
1868,2021R0606,24,4,2021,6:15 PM
1869,2021R0607,25,4,2021,12:30 PM
1870,2021R0608,25,4,2021,3:20 PM
1871,2021R0609,25,4,2021,6:10 PM
1872,2021R0701,30,4,2021,7:50 PM
1873,2021R0702,1,5,2021,1:45 PM
1874,2021R0703,1,5,2021,1:40 PM
1875,2021R0704,1,5,2021,4:35 PM
1876,2021R0705,1,5,2021,7:25 PM
1877,2021R0706,1,5,2021,7:25 PM
1878,2021R0707,2,5,2021,1:10 PM
1879,2021R0708,2,5,2021,3:20 PM
1880,2021R0709,2,5,2021,2:40 PM
1881,2021R0801,7,5,2021,7:50 PM
1882,2021R0802,8,5,2021,1:45 PM
1883,2021R0803,8,5,2021,2:10 PM
1884,2021R0804,8,5,2021,4:35 PM
1885,2021R0805,8,5,2021,7:25 PM
1886,2021R0806,8,5,2021,7:10 PM
1887,2021R0807,9,5,2021,1:10 PM
1888,2021R0808,9,5,2021,3:20 PM
1889,2021R0809,9,5,2021,4:40 PM
1890,2021R0901,14,5,2021,7:50 PM
1891,2021R0902,15,5,2021,1:45 PM
1892,2021R0903,15,5,2021,2:10 PM
1893,2021R0904,15,5,2021,4:35 PM
1894,2021R0905,15,5,2021,7:25 PM
1895,2021R0906,15,5,2021,7:10 PM
1896,2021R0907,16,5,2021,1:10 PM
1897,2021R0908,16,5,2021,3:20 PM
1898,2021R0909,16,5,2021,2:40 PM
1899,2021R1001,21,5,2021,7:50 PM
1900,2021R1002,22,5,2021,1:45 PM
1901,2021R1003,22,5,2021,2:10 PM
1902,2021R1004,22,5,2021,4:05 PM
1903,2021R1005,22,5,2021,7:25 PM
1904,2021R1006,22,5,2021,5:40 PM
1905,2021R1007,23,5,2021,1:10 PM
1906,2021R1008,23,5,2021,3:20 PM
1907,2021R1009,23,5,2021,4:40 PM
1908,2021R1101,28,5,2021,7:50 PM
1909,2021R1102,29,5,2021,1:45 PM
1910,2021R1103,29,5,2021,2:10 PM
1911,2021R1104,29,5,2021,4:35 PM
1912,2021R1105,29,5,2021,5:40 PM
1913,2021R1106,29,5,2021,7:40 PM
1914,2021R1107,30,5,2021,2:10 PM
1915,2021R1108,30,5,2021,3:20 PM
1916,2021R1109,30,5,2021,4:50 PM
1917,2021R1201,4,6,2021,7:50 PM
1918,2021R1202,5,6,2021,1:45 PM
1919,2021R1203,5,6,2021,4:05 PM
1920,2021R1204,5,6,2021,5:40 PM
1921,2021R1205,6,6,2021,3:20 PM
1922,2021R1206,6,6,2021,4:40 PM
1923,2021R1301,10,6,2021,7:10 PM
1924,2021R1302,11,6,2021,7:50 PM
1925,2021R1303,12,6,2021,2:15 PM
1926,2021R1304,12,6,2021,7:25 PM
1927,2021R1305,13,6,2021,3:20 PM
1928,2021R1306,13,6,2021,5:20 PM
1929,2021R1307,14,6,2021,3:20 PM
1930,2021R1401,18,6,2021,7:50 PM
1931,2021R1402,19,6,2021,1:45 PM
1932,2021R1403,19,6,2021,4:35 PM
1933,2021R1404,19,6,2021,7:25 PM
1934,2021R1405,20,6,2021,3:20 PM
1935,2021R1501,24,6,2021,7:30 PM
1936,2021R1502,25,6,2021,7:50 PM
1937,2021R1503,26,6,2021,1:45 PM
1938,2021R1504,26,6,2021,1:45 PM
1939,2021R1505,26,6,2021,4:05 PM
1940,2021R1506,26,6,2021,7:25 PM
1941,2021R1507,27,6,2021,1:10 PM
1942,2021R1508,27,6,2021,1:20 PM
1943,2021R1509,27,6,2021,4:10 PM
1944,2021R1601,1,7,2021,7:20 PM
1945,2021R1602,2,7,2021,7:50 PM
1946,2021R1603,3,7,2021,1:45 PM
1947,2021R1604,3,7,2021,4:05 PM
1948,2021R1605,3,7,2021,7:40 PM
1949,2021R1606,3,7,2021,7:40 PM
1950,2021R1607,4,7,2021,1:10 PM
1951,2021R1608,4,7,2021,3:20 PM
1952,2021R1609,4,7,2021,4:40 PM
1953,2021R1701,8,7,2021,7:10 PM
1954,2021R1702,9,7,2021,7:50 PM
1955,2021R1703,10,7,2021,1:45 PM
1956,2021R1704,10,7,2021,4:35 PM
1957,2021R1705,10,7,2021,7:25 PM
1958,2021R1706,11,7,2021,12:40 PM
1959,2021R1707,11,7,2021,3:20 PM
1960,2021R1708,11,7,2021,4:10 PM
1961,2021R1709,12,7,2021,5:40 PM
1962,2021R1801,15,7,2021,6:10 PM
1963,2021R1802,16,7,2021,8:05 PM
1964,2021R1803,17,7,2021,1:45 PM
1965,2021R1804,17,7,2021,4:35 PM
1966,2021R1805,17,7,2021,7:25 PM
1967,2021R1806,18,7,2021,12:35 PM
1968,2021R1807,18,7,2021,3:20 PM
1969,2021R1808,18,7,2021,4:10 PM
1970,2021R1809,18,7,2021,6:10 PM
1971,2021R1901,23,7,2021,7:10 PM
1972,2021R1902,24,7,2021,1:45 PM
1973,2021R1903,24,7,2021,3:10 PM
1974,2021R1904,24,7,2021,2:35 PM
1975,2021R1905,24,7,2021,7:25 PM
1976,2021R1906,24,7,2021,7:40 PM
1977,2021R1907,25,7,2021,12:30 PM
1978,2021R1908,25,7,2021,3:20 PM
1979,2021R1909,25,7,2021,6:10 PM
1980,2021R2001,30,7,2021,7:50 PM
1981,2021R2002,31,7,2021,12:20 PM
1982,2021R2003,31,7,2021,1:15 PM
1983,2021R2004,31,7,2021,4:15 PM
1984,2021R2005,1,8,2021,12:10 PM
1985,2021R2006,1,8,2021,2:10 PM
1986,2021R2007,1,8,2021,3:10 PM
1987,2021R2008,1,8,2021,3:10 PM
1988,2021R2009,1,8,2021,6:10 PM
1989,2021R2101,6,8,2021,7:50 PM
1990,2021R2102,7,8,2021,1:45 PM
1991,2021R2103,7,8,2021,4:35 PM
1992,2021R2104,7,8,2021,7:10 PM
1993,2021R2105,7,8,2021,7:40 PM
1994,2021R2106,8,8,2021,2:10 PM
1995,2021R2107,8,8,2021,3:20 PM
1996,2021R2108,8,8,2021,3:10 PM
1997,2021R2109,9,8,2021,6:10 PM
1998,2021R2201,13,8,2021,7:50 PM
1999,2021R2202,14,8,2021,1:45 PM
2000,2021R2203,14,8,2021,4:05 PM
2001,2021R2204,14,8,2021,4:35 PM
2002,2021R2205,14,8,2021,7:25 PM
2003,2021R2206,14,8,2021,7:40 PM
2004,2021R2207,15,8,2021,2:10 PM
2005,2021R2208,15,8,2021,3:20 PM
2006,2021R2209,15,8,2021,3:10 PM
2007,2021R2301,20,8,2021,7:50 PM
2008,2021R2302,21,8,2021,1:35 PM
2009,2021R2303,21,8,2021,1:45 PM
2010,2021R2304,21,8,2021,4:35 PM
2011,2021R2305,21,8,2021,7:25 PM
2012,2021R2306,21,8,2021,7:40 PM
2013,2021R2307,22,8,2021,12:15 PM
2014,2021R2308,22,8,2021,3:20 PM
2015,2021R2309,22,8,2021,4:10 PM
2016,2021QF01,27,8,2021,7:20 PM
2017,2021EF01,28,8,2021,3:20 PM
2018,2021QF02,28,8,2021,7:00 PM
2019,2021EF02,29,8,2021,3:20 PM
2020,2021SF01,3,9,2021,5:50 PM
2021,2021SF02,4,9,2021,7:20 PM
2022,2021PF01,10,9,2021,5:50 PM
2023,2021PF02,11,9,2021,7:10 PM
2024,2021GF01,25,9,2021,5:15 PM
2025,2022R0101,16,3,2022,7:10 PM
2026,2022R0102,17,3,2022,7:25 PM
2027,2022R0103,18,3,2022,7:50 PM
2028,2022R0104,19,3,2022,2:10 PM
2029,2022R0105,19,3,2022,5:10 PM
2030,2022R0106,19,3,2022,7:10 PM
2031,2022R0107,20,3,2022,1:10 PM
2032,2022R0108,20,3,2022,3:40 PM
2033,2022R0109,20,3,2022,4:40 PM
2034,2022R0201,24,3,2022,7:20 PM
2035,2022R0202,25,3,2022,7:50 PM
2036,2022R0203,26,3,2022,1:45 PM
2037,2022R0204,26,3,2022,4:35 PM
2038,2022R0205,26,3,2022,7:10 PM
2039,2022R0206,26,3,2022,7:00 PM
2040,2022R0207,27,3,2022,1:10 PM
2041,2022R0208,27,3,2022,3:20 PM
2042,2022R0209,27,3,2022,3:20 PM
2043,2022R0301,31,3,2022,7:20 PM
2044,2022R0302,1,4,2022,7:20 PM
2045,2022R0303,1,4,2022,7:50 PM
2046,2022R0304,2,4,2022,4:35 PM
2047,2022R0305,2,4,2022,7:25 PM
2048,2022R0306,2,4,2022,7:00 PM
2049,2022R0307,3,4,2022,1:10 PM
2050,2022R0308,3,4,2022,3:20 PM
2051,2022R0309,3,4,2022,4:20 PM
2052,2022R0401,7,4,2022,7:10 PM
2053,2022R0402,8,4,2022,7:50 PM
2054,2022R0403,9,4,2022,2:40 PM
2055,2022R0404,9,4,2022,4:35 PM
2056,2022R0405,9,4,2022,5:25 PM
2057,2022R0406,9,4,2022,7:25 PM
2058,2022R0407,10,4,2022,1:10 PM
2059,2022R0408,10,4,2022,3:20 PM
2060,2022R0409,10,4,2022,4:10 PM
2061,2022R0501,14,4,2022,7:35 PM
2062,2022R0502,15,4,2022,4:20 PM
2063,2022R0503,15,4,2022,5:40 PM
2064,2022R0504,16,4,2022,1:45 PM
2065,2022R0505,16,4,2022,4:05 PM
2066,2022R0506,16,4,2022,7:25 PM
2067,2022R0507,17,4,2022,1:40 PM
2068,2022R0508,17,4,2022,4:40 PM
2069,2022R0509,18,4,2022,3:20 PM
2070,2022R0601,22,4,2022,7:50 PM
2071,2022R0602,23,4,2022,1:45 PM
2072,2022R0603,23,4,2022,4:05 PM
2073,2022R0604,23,4,2022,5:40 PM
2074,2022R0605,24,4,2022,1:10 PM
2075,2022R0606,24,4,2022,4:10 PM
2076,2022R0607,24,4,2022,7:25 PM
2077,2022R0608,25,4,2022,12:30 PM
2078,2022R0609,25,4,2022,3:20 PM
2079,2022R0701,29,4,2022,6:10 PM
2080,2022R0702,30,4,2022,1:45 PM
2081,2022R0703,30,4,2022,1:40 PM
2082,2022R0704,30,4,2022,4:35 PM
2083,2022R0705,30,4,2022,7:25 PM
2084,2022R0706,30,4,2022,7:25 PM
2085,2022R0707,1,5,2022,1:10 PM
2086,2022R0708,1,5,2022,3:20 PM
2087,2022R0709,1,5,2022,4:40 PM
2088,2022R0801,6,5,2022,7:00 PM
2089,2022R0802,6,5,2022,6:40 PM
2090,2022R0803,7,5,2022,1:45 PM
2091,2022R0804,7,5,2022,1:45 PM
2092,2022R0805,7,5,2022,4:35 PM
2093,2022R0806,7,5,2022,7:25 PM
2094,2022R0807,7,5,2022,7:25 PM
2095,2022R0808,8,5,2022,1:10 PM
2096,2022R0809,8,5,2022,4:40 PM
2097,2022R0901,13,5,2022,7:50 PM
2098,2022R0902,14,5,2022,1:45 PM
2099,2022R0903,14,5,2022,2:10 PM
2100,2022R0904,14,5,2022,4:35 PM
2101,2022R0905,14,5,2022,7:25 PM
2102,2022R0906,14,5,2022,7:10 PM
2103,2022R0907,15,5,2022,1:40 PM
2104,2022R0908,15,5,2022,3:20 PM
2105,2022R0909,15,5,2022,3:20 PM
2106,2022R1001,20,5,2022,7:50 PM
2107,2022R1002,21,5,2022,1:45 PM
2108,2022R1003,21,5,2022,1:45 PM
2109,2022R1004,21,5,2022,4:35 PM
2110,2022R1005,21,5,2022,7:00 PM
2111,2022R1006,21,5,2022,7:30 PM
2112,2022R1007,22,5,2022,2:10 PM
2113,2022R1008,22,5,2022,3:20 PM
2114,2022R1009,22,5,2022,3:20 PM
2115,2022R1101,27,5,2022,7:50 PM
2116,2022R1102,28,5,2022,1:45 PM
2117,2022R1103,28,5,2022,1:45 PM
2118,2022R1104,28,5,2022,4:35 PM
2119,2022R1105,28,5,2022,5:30 PM
2120,2022R1106,28,5,2022,7:10 PM
2121,2022R1107,29,5,2022,1:10 PM
2122,2022R1108,29,5,2022,3:20 PM
2123,2022R1109,29,5,2022,4:10 PM
2124,2022R1201,3,6,2022,7:50 PM
2125,2022R1202,4,6,2022,1:15 PM
2126,2022R1203,4,6,2022,4:05 PM
2127,2022R1204,4,6,2022,7:25 PM
2128,2022R1205,5,6,2022,2:10 PM
2129,2022R1206,5,6,2022,3:20 PM
2130,2022R1301,9,6,2022,7:20 PM
2131,2022R1302,10,6,2022,7:50 PM
2132,2022R1303,11,6,2022,2:10 PM
2133,2022R1304,11,6,2022,7:25 PM
2134,2022R1305,12,6,2022,3:20 PM
2135,2022R1306,13,6,2022,3:20 PM
2136,2022R1401,16,6,2022,7:20 PM
2137,2022R1402,17,6,2022,7:50 PM
2138,2022R1403,18,6,2022,1:15 PM
2139,2022R1404,18,6,2022,2:35 PM
2140,2022R1405,18,6,2022,7:25 PM
2141,2022R1406,19,6,2022,3:20 PM
2142,2022R1501,23,6,2022,7:20 PM
2143,2022R1502,24,6,2022,7:00 PM
2144,2022R1503,24,6,2022,6:40 PM
2145,2022R1504,25,6,2022,1:45 PM
2146,2022R1505,25,6,2022,4:35 PM
2147,2022R1506,25,6,2022,7:25 PM
2148,2022R1507,26,6,2022,1:10 PM
2149,2022R1508,26,6,2022,3:20 PM
2150,2022R1509,26,6,2022,3:40 PM
2151,2022R1601,30,6,2022,7:20 PM
2152,2022R1602,1,7,2022,7:50 PM
2153,2022R1603,2,7,2022,1:45 PM
2154,2022R1604,2,7,2022,4:05 PM
2155,2022R1605,2,7,2022,7:25 PM
2156,2022R1606,2,7,2022,7:25 PM
2157,2022R1607,3,7,2022,2:10 PM
2158,2022R1608,3,7,2022,3:20 PM
2159,2022R1609,3,7,2022,3:20 PM
2160,2022R1701,7,7,2022,7:20 PM
2161,2022R1702,8,7,2022,7:50 PM
2162,2022R1703,9,7,2022,1:45 PM
2163,2022R1704,9,7,2022,4:35 PM
2164,2022R1705,9,7,2022,7:25 PM
2165,2022R1706,9,7,2022,7:00 PM
2166,2022R1707,10,7,2022,1:10 PM
2167,2022R1708,10,7,2022,3:20 PM
2168,2022R1709,10,7,2022,2:40 PM
2169,2022R1801,15,7,2022,7:50 PM
2170,2022R1802,16,7,2022,1:15 PM
2171,2022R1803,16,7,2022,1:45 PM
2172,2022R1804,16,7,2022,4:35 PM
2173,2022R1805,16,7,2022,7:25 PM
2174,2022R1806,16,7,2022,5:30 PM
2175,2022R1807,17,7,2022,1:10 PM
2176,2022R1808,17,7,2022,2:50 PM
2177,2022R1809,17,7,2022,4:40 PM
2178,2022R1901,22,7,2022,7:50 PM
2179,2022R1902,23,7,2022,1:45 PM
2180,2022R1903,23,7,2022,1:45 PM
2181,2022R1904,23,7,2022,4:05 PM
2182,2022R1905,23,7,2022,7:10 PM
2183,2022R1906,23,7,2022,7:25 PM
2184,2022R1907,24,7,2022,1:10 PM
2185,2022R1908,24,7,2022,3:20 PM
2186,2022R1909,24,7,2022,2:40 PM
2187,2022R2001,29,7,2022,6:10 PM
2188,2022R2002,30,7,2022,1:45 PM
2189,2022R2003,30,7,2022,2:10 PM
2190,2022R2004,30,7,2022,4:35 PM
2191,2022R2005,30,7,2022,7:25 PM
2192,2022R2006,30,7,2022,7:00 PM
2193,2022R2007,31,7,2022,1:10 PM
2194,2022R2008,31,7,2022,3:20 PM
2195,2022R2009,31,7,2022,4:40 PM
2196,2022R2101,5,8,2022,7:50 PM
2197,2022R2102,6,8,2022,1:45 PM
2198,2022R2103,6,8,2022,2:10 PM
2199,2022R2104,6,8,2022,4:35 PM
2200,2022R2105,6,8,2022,7:25 PM
2201,2022R2106,6,8,2022,7:10 PM
2202,2022R2107,7,8,2022,1:10 PM
2203,2022R2108,7,8,2022,3:20 PM
2204,2022R2109,7,8,2022,2:10 PM
2205,2022R2201,12,8,2022,7:50 PM
2206,2022R2202,13,8,2022,1:45 PM
2207,2022R2203,13,8,2022,1:40 PM
2208,2022R2204,13,8,2022,4:35 PM
2209,2022R2205,13,8,2022,7:25 PM
2210,2022R2206,13,8,2022,5:40 PM
2211,2022R2207,14,8,2022,1:10 PM
2212,2022R2208,14,8,2022,3:20 PM
2213,2022R2209,14,8,2022,4:40 PM
2214,2022R2301,19,8,2022,7:50 PM
2215,2022R2302,20,8,2022,1:45 PM
2216,2022R2303,20,8,2022,2:10 PM
2217,2022R2304,20,8,2022,4:35 PM
2218,2022R2305,20,8,2022,7:25 PM
2219,2022R2306,20,8,2022,7:00 PM
2220,2022R2307,21,8,2022,1:10 PM
2221,2022R2308,21,8,2022,3:20 PM
2222,2022R2309,21,8,2022,4:40 PM
2223,2022EF01,1,9,2022,7:20 PM
2224,2022QF01,2,9,2022,7:50 PM
2225,2022EF02,3,9,2022,6:10 PM
2226,2022QF02,3,9,2022,4:35 PM
2227,2022SF01,9,9,2022,7:50 PM
2228,2022SF02,10,9,2022,7:25 PM
2229,2022PF01,16,9,2022,7:50 PM
2230,2022PF02,17,9,2022,4:45 PM
2231,2022GF01,24,9,2022,2:30 PM
2232,2023R0101,16,3,2023,7:20 PM
2233,2023R0102,17,3,2023,7:40 PM
2234,2023R0103,18,3,2023,1:45 PM
2235,2023R0104,18,3,2023,4:05 PM
2236,2023R0105,18,3,2023,7:25 PM
2237,2023R0106,18,3,2023,7:00 PM
2238,2023R0107,19,3,2023,1:10 PM
2239,2023R0108,19,3,2023,3:20 PM
2240,2023R0109,19,3,2023,4:40 PM
2241,2023R0201,23,3,2023,7:20 PM
2242,2023R0202,24,3,2023,6:55 PM
2243,2023R0203,25,3,2023,1:45 PM
2244,2023R0204,25,3,2023,4:05 PM
2245,2023R0205,25,3,2023,7:25 PM
2246,2023R0206,25,3,2023,4:30 PM
2247,2023R0207,26,3,2023,1:10 PM
2248,2023R0208,26,3,2023,3:20 PM
2249,2023R0209,26,3,2023,3:20 PM
2250,2023R0301,30,3,2023,7:20 PM
2251,2023R0302,31,3,2023,7:50 PM
2252,2023R0303,1,4,2023,1:45 PM
2253,2023R0304,1,4,2023,4:35 PM
2254,2023R0305,1,4,2023,7:25 PM
2255,2023R0306,1,4,2023,7:00 PM
2256,2023R0307,2,4,2023,2:10 PM
2257,2023R0308,2,4,2023,3:20 PM
2258,2023R0309,2,4,2023,3:20 PM
2259,2023R0401,6,4,2023,7:35 PM
2260,2023R0402,7,4,2023,4:20 PM
2261,2023R0403,8,4,2023,1:15 PM
2262,2023R0404,8,4,2023,4:35 PM
2263,2023R0405,8,4,2023,7:30 PM
2264,2023R0406,8,4,2023,7:30 PM
2265,2023R0407,9,4,2023,2:10 PM
2266,2023R0408,9,4,2023,3:20 PM
2267,2023R0409,10,4,2023,3:20 PM
2268,2023R0501,13,4,2023,7:10 PM
2269,2023R0502,14,4,2023,4:40 PM
2270,2023R0503,14,4,2023,7:40 PM
2271,2023R0504,15,4,2023,12:40 PM
2272,2023R0505,15,4,2023,3:40 PM
2273,2023R0506,15,4,2023,7:20 PM
2274,2023R0507,16,4,2023,12:40 PM
2275,2023R0508,16,4,2023,2:50 PM
2276,2023R0509,16,4,2023,4:20 PM
2277,2023R0601,21,4,2023,6:10 PM
2278,2023R0602,22,4,2023,1:15 PM
2279,2023R0603,22,4,2023,4:35 PM
2280,2023R0604,22,4,2023,7:25 PM
2281,2023R0605,23,4,2023,1:10 PM
2282,2023R0606,23,4,2023,3:20 PM
2283,2023R0607,23,4,2023,4:40 PM
2284,2023R0608,24,4,2023,7:25 PM
2285,2023R0609,25,4,2023,3:20 PM
2286,2023R0701,28,4,2023,7:50 PM
2287,2023R0702,29,4,2023,1:45 PM
2288,2023R0703,29,4,2023,2:10 PM
2289,2023R0704,29,4,2023,4:35 PM
2290,2023R0705,29,4,2023,7:25 PM
2291,2023R0706,29,4,2023,5:30 PM
2292,2023R0707,30,4,2023,1:10 PM
2293,2023R0708,30,4,2023,3:20 PM
2294,2023R0709,30,4,2023,4:10 PM
2295,2023R0801,5,5,2023,7:50 PM
2296,2023R0802,6,5,2023,1:45 PM
2297,2023R0803,6,5,2023,2:10 PM
2298,2023R0804,6,5,2023,4:35 PM
2299,2023R0805,6,5,2023,5:30 PM
2300,2023R0806,6,5,2023,7:30 PM
2301,2023R0807,7,5,2023,12:40 PM
2302,2023R0808,7,5,2023,3:20 PM
2303,2023R0809,7,5,2023,4:40 PM
2304,2023R0901,12,5,2023,7:20 PM
2305,2023R0902,12,5,2023,6:40 PM
2306,2023R0903,13,5,2023,1:45 PM
2307,2023R0904,13,5,2023,2:10 PM
2308,2023R0905,13,5,2023,4:35 PM
2309,2023R0906,13,5,2023,7:25 PM
2310,2023R0907,13,5,2023,7:30 PM
2311,2023R0908,14,5,2023,12:40 PM
2312,2023R0909,14,5,2023,4:40 PM
2313,2023R1001,19,5,2023,7:20 PM
2314,2023R1002,20,5,2023,1:45 PM
2315,2023R1003,20,5,2023,2:10 PM
2316,2023R1004,20,5,2023,2:35 PM
2317,2023R1005,20,5,2023,7:30 PM
2318,2023R1006,20,5,2023,7:40 PM
2319,2023R1007,21,5,2023,1:10 PM
2320,2023R1008,21,5,2023,3:20 PM
2321,2023R1009,21,5,2023,4:40 PM
2322,2023R1101,26,5,2023,7:50 PM
2323,2023R1102,27,5,2023,1:45 PM
2324,2023R1103,27,5,2023,2:10 PM
2325,2023R1104,27,5,2023,4:35 PM
2326,2023R1105,27,5,2023,6:55 PM
2327,2023R1106,27,5,2023,5:40 PM
2328,2023R1107,28,5,2023,1:10 PM
2329,2023R1108,28,5,2023,3:20 PM
2330,2023R1109,28,5,2023,4:10 PM
2331,2023R1201,2,6,2023,7:50 PM
2332,2023R1202,3,6,2023,1:15 PM
2333,2023R1203,3,6,2023,2:35 PM
2334,2023R1204,3,6,2023,7:25 PM
2335,2023R1205,3,6,2023,7:00 PM
2336,2023R1206,4,6,2023,1:10 PM
2337,2023R1207,4,6,2023,4:40 PM
2338,2023R1301,8,6,2023,7:10 PM
2339,2023R1302,9,6,2023,7:50 PM
2340,2023R1303,10,6,2023,1:45 PM
2341,2023R1304,10,6,2023,4:05 PM
2342,2023R1305,10,6,2023,5:25 PM
2343,2023R1306,11,6,2023,3:20 PM
2344,2023R1307,11,6,2023,7:15 PM
2345,2023R1308,12,6,2023,3:20 PM
2346,2023R1401,15,6,2023,7:10 PM
2347,2023R1402,16,6,2023,7:50 PM
2348,2023R1403,17,6,2023,4:35 PM
2349,2023R1404,17,6,2023,7:25 PM
2350,2023R1405,18,6,2023,1:10 PM
2351,2023R1406,18,6,2023,4:40 PM
2352,2023R1501,22,6,2023,7:20 PM
2353,2023R1502,23,6,2023,7:50 PM
2354,2023R1503,24,6,2023,4:35 PM
2355,2023R1504,24,6,2023,5:25 PM
2356,2023R1505,25,6,2023,1:10 PM
2357,2023R1506,25,6,2023,4:40 PM
2358,2023R1601,29,6,2023,7:20 PM
2359,2023R1602,30,6,2023,7:50 PM
2360,2023R1603,1,7,2023,1:15 PM
2361,2023R1604,1,7,2023,1:45 PM
2362,2023R1605,1,7,2023,4:35 PM
2363,2023R1606,1,7,2023,7:25 PM
2364,2023R1607,2,7,2023,1:10 PM
2365,2023R1608,2,7,2023,2:50 PM
2366,2023R1609,2,7,2023,2:40 PM
2367,2023R1701,6,7,2023,7:20 PM
2368,2023R1702,7,7,2023,7:50 PM
2369,2023R1703,8,7,2023,1:45 PM
2370,2023R1704,8,7,2023,4:35 PM
2371,2023R1705,8,7,2023,7:25 PM
2372,2023R1706,8,7,2023,7:10 PM
2373,2023R1707,9,7,2023,1:10 PM
2374,2023R1708,9,7,2023,3:20 PM
2375,2023R1709,9,7,2023,2:40 PM
2376,2023R1801,13,7,2023,7:20 PM
2377,2023R1802,14,7,2023,7:50 PM
2378,2023R1803,15,7,2023,1:45 PM
2379,2023R1804,15,7,2023,2:10 PM
2380,2023R1805,15,7,2023,4:35 PM
2381,2023R1806,15,7,2023,7:25 PM
2382,2023R1807,15,7,2023,7:10 PM
2383,2023R1808,16,7,2023,1:10 PM
2384,2023R1809,16,7,2023,2:40 PM
2385,2023R1901,21,7,2023,7:50 PM
2386,2023R1902,22,7,2023,1:45 PM
2387,2023R1903,22,7,2023,2:10 PM
2388,2023R1904,22,7,2023,4:35 PM
2389,2023R1905,22,7,2023,5:40 PM
2390,2023R1906,22,7,2023,7:10 PM
2391,2023R1907,23,7,2023,1:10 PM
2392,2023R1908,23,7,2023,3:20 PM
2393,2023R1909,23,7,2023,4:40 PM
2394,2023R2001,28,7,2023,7:50 PM
2395,2023R2002,29,7,2023,1:45 PM
2396,2023R2003,29,7,2023,1:45 PM
2397,2023R2004,29,7,2023,4:35 PM
2398,2023R2005,29,7,2023,7:25 PM
2399,2023R2006,29,7,2023,7:10 PM
2400,2023R2007,30,7,2023,1:10 PM
2401,2023R2008,30,7,2023,3:20 PM
2402,2023R2009,30,7,2023,2:40 PM
2403,2023R2101,4,8,2023,7:50 PM
2404,2023R2102,5,8,2023,1:45 PM
2405,2023R2103,5,8,2023,1:40 PM
2406,2023R2104,5,8,2023,4:35 PM
2407,2023R2105,5,8,2023,7:25 PM
2408,2023R2106,5,8,2023,7:30 PM
2409,2023R2107,6,8,2023,1:10 PM
2410,2023R2108,6,8,2023,3:20 PM
2411,2023R2109,6,8,2023,2:40 PM
2412,2023R2201,11,8,2023,7:50 PM
2413,2023R2202,12,8,2023,1:45 PM
2414,2023R2203,12,8,2023,1:45 PM
2415,2023R2204,12,8,2023,4:35 PM
2416,2023R2205,12,8,2023,7:30 PM
2417,2023R2206,12,8,2023,6:10 PM
2418,2023R2207,13,8,2023,1:10 PM
2419,2023R2208,13,8,2023,3:20 PM
2420,2023R2209,13,8,2023,4:10 PM
2421,2023R2301,18,8,2023,7:50 PM
2422,2023R2302,19,8,2023,1:45 PM
2423,2023R2303,19,8,2023,2:10 PM
2424,2023R2304,19,8,2023,4:35 PM
2425,2023R2305,19,8,2023,7:25 PM
2426,2023R2306,19,8,2023,7:10 PM
2427,2023R2307,20,8,2023,1:10 PM
2428,2023R2308,20,8,2023,3:20 PM
2429,2023R2309,20,8,2023,2:40 PM
2430,2023R2401,25,8,2023,7:50 PM
2431,2023R2402,26,8,2023,1:45 PM
2432,2023R2403,26,8,2023,1:45 PM
2433,2023R2404,26,8,2023,4:35 PM
2434,2023R2405,26,8,2023,7:25 PM
2435,2023R2406,26,8,2023,6:10 PM
2436,2023R2407,27,8,2023,12:00 PM
2437,2023R2408,27,8,2023,3:20 PM
2438,2023R2409,27,8,2023,6:10 PM
2439,2023QF01,7,9,2023,7:20 PM
2440,2023EF01,8,9,2023,7:50 PM
2441,2023EF02,9,9,2023,3:20 PM
2442,2023QF02,9,9,2023,7:25 PM
2443,2023SF01,15,9,2023,7:50 PM
2444,2023SF02,16,9,2023,7:10 PM
2445,2023PF01,22,9,2023,7:50 PM
2446,2023PF02,23,9,2023,5:15 PM
2447,2023GF01,30,9,2023,2:30 PM
